date,2026-09-22_10:48
model,SimCRC v0.15.0
risk_scenario,ControlAugParams
population,TOTAL
adherence_fucol,0
screening_startage,NA
screening_stopage,NA
stoolorbloodtest_type,NA
stoolorbloodtest_interval,NA
structuralexam_type,NA
structuralexam_interval,NA

age,n_alive,n_alive_nocrc,n_pos_fit,n_pos_sdna,n_pos_srna,n_pos_blood,n_pos_shield,n_pos_simplescreen,n_pos_sig,n_pos_ctc,n_pos_scrcol,n_neg_fit,n_neg_sdna,n_neg_srna,n_neg_blood,n_neg_shield,n_neg_simplescreen,n_neg_sig,n_neg_ctc,n_neg_scrcol,n_pos_fucol,n_neg_fucol,n_pos_survcol,n_neg_survcol,n_adn1to5_scr,n_adn6to9_scr,n_adn10plus_scr,n_ssp1to5_scr,n_ssp6to9_scr,n_ssp10plus_scr,n_lesion1to5_scr,n_lesion6to9_scr,n_lesion10plus_scr,n_CRCstageI_scr,n_CRCstageII_scr,n_CRCstageIII_scr,n_CRCstageIV_scr,n_adn1to5_surv,n_adn6to9_surv,n_adn10plus_surv,n_ssp1to5_surv,n_ssp6to9_surv,n_ssp10plus_surv,n_lesion1to5_surv,n_lesion6to9_surv,n_lesion10plus_surv,n_CRCstageI_surv,n_CRCstageII_surv,n_CRCstageIII_surv,n_CRCstageIV_surv,n_CRCstageI_sym,n_CRCstageII_sym,n_CRCstageIII_sym,n_CRCstageIV_sym,n_CRC_dth,n_compl_dth,n_oc_dth,ly,ly_nocrc,ly_crcI_initial,ly_crcII_initial,ly_crcIII_initial,ly_crcIV_initial,ly_crcI_contin,ly_crcII_contin,ly_crcIII_contin,ly_crcIV_contin,ly_crcI_termcrc,ly_crcII_termcrc,ly_crcIII_termcrc,ly_crcIV_termcrc,ly_crcI_termoc,ly_crcII_termoc,ly_crcIII_termoc,ly_crcIV_termoc,n_3ormorenonlargeadn_scr,n_3ormorenonlargeadn_surv
40,971535,971535,0,0,0,0,0,0,0,0,0,0,0,0,0,0,0,0,0,0,0,0,0,0,0,0,0,0,0,0,0,0,0,0,0,0,0,0,0,0,0,0,0,0,0,0,0,0,0,0,10,27,30,19,8,0,1394,970826.466272033,970786.29421194,5.31108434205206,11.4657295570937,13.9092192557211,3.07346171394709,0,0,0,0,0.452659939170388,0.311902644112706,0.679688069082502,2.45437500875221,0,0,0,0,0,0
41,970133,970055,0,0,0,0,0,0,0,0,0,0,0,0,0,0,0,0,0,0,0,0,0,0,0,0,0,0,0,0,0,0,0,0,0,0,0,0,0,0,0,0,0,0,0,0,0,0,0,0,7,15,31,22,19,0,1487,969376.509055182,969267.423281117,7.00544719029602,23.2313718183999,25.905123328419,8.09595709325873,5.30766396420339,11.4657295570937,13.5381095940749,3.01812953383449,0.547340060829612,0,3.60489193454062,7.65186827479246,0,0,0,0,0,0
42,968627,968493,0,0,0,0,0,0,0,0,0,0,0,0,0,0,0,0,0,0,0,0,0,0,0,0,0,0,0,0,0,0,0,0,0,0,0,0,0,0,0,0,0,0,0,0,0,0,0,0,12,26,33,38,18,0,1551,967848.065306292,967671.48079665,10.1822791205342,19.3163166563984,28.1682028465665,12.424139593152,12.3131111544994,34.1723304320997,38.3468317993385,6.91960072011601,0,0.524770943393932,1.52475653025795,10.376880829622,0,0,0,0,0,0
43,967058,966833,0,0,0,0,0,0,0,0,0,0,0,0,0,0,0,0,0,0,0,0,0,0,0,0,0,0,0,0,0,0,0,0,0,0,0,0,0,0,0,0,0,0,0,0,0,0,0,0,6,24,37,34,30,0,1698,966180.911123469,965920.549632575,8.15363580115235,25.5389091551617,30.7393468673394,14.6674147813356,22.4953902750336,51.569697006945,63.3613592439143,13.9493771528905,0,2.44288930346263,4.95717573121555,20.0509980360334,0,0,0,0,0,0
44,965330,965034,0,0,0,0,0,0,0,0,0,0,0,0,0,0,0,0,0,0,0,0,0,0,0,0,0,0,0,0,0,0,0,0,0,0,0,0,0,0,0,0,0,0,0,0,0,0,0,0,7,22,55,37,39,0,1881,964389.466058673,964051.407713603,6.97401643470221,20.3953215312598,44.8121233590491,18.0251122304716,30.649026076186,75.4717022194604,89.525132231672,15.5819164517902,0,3.2469637237895,8.7968106591691,26.5561782419291,0,0,0,0,0,0
45,963410,963032,0,0,0,0,0,0,0,0,0,0,0,0,0,0,0,0,0,0,0,0,0,0,0,0,0,0,0,0,0,0,0,0,0,0,0,0,0,0,0,0,0,0,0,0,0,0,0,0,9,24,57,40,56,0,2019,962377.00402449,961961.981582262,7.64532827511798,20.5253480808012,53.0582197362992,16.2811983028182,37.6230425108882,93.6508665490574,126.96821572136,22.2271950443641,0,3.80352440085736,9.14507141085684,22.5599622988171,0,0,0,0,0,0
46,961335,960883,0,0,0,0,0,0,0,0,0,0,0,0,0,0,0,0,0,0,0,0,0,0,0,0,0,0,0,0,0,0,0,0,0,0,0,0,0,0,0,0,0,0,0,0,0,0,0,0,6,47,61,53,42,0,2183,960213.104499683,959697.176047307,6.82788397077114,33.5520604166893,51.6500271391928,26.6194702713701,45.2683707860062,110.754715897469,166.983842159598,29.8563743103939,0,2.62262259233391,15.4727347855261,27.1037216321689,0,0,0,0,0,0
47,959110,958533,0,0,0,0,0,0,0,0,0,0,0,0,0,0,0,0,0,0,0,0,0,0,0,0,0,0,0,0,0,0,0,0,0,0,0,0,0,0,0,0,0,0,0,0,0,0,0,0,7,37,63,66,71,0,2317,957907.385370525,957283.348367155,8.76663243172334,43.9971302751289,54.1193296943815,24.9633056326219,52.0962547567773,141.232921856278,200.917919368386,39.3388087082043,0,4.85703028147662,20.1329294523686,27.9962613902745,0,0.856618692865595,0,0,0,0
48,956722,956043,0,0,0,0,0,0,0,0,0,0,0,0,0,0,0,0,0,0,0,0,0,0,0,0,0,0,0,0,0,0,0,0,0,0,0,0,0,0,0,0,0,0,0,0,0,0,0,0,14,50,69,52,73,0,2565,955369.576801401,954634.26320967,8.09074543172847,38.405324366949,60.672123079228,34.0547284310192,60.8628871885007,179.005305683994,240.159932925549,49.8098643810674,0,5.05934805231949,17.6554059073531,41.4221017050794,0,1.1433813071344,0.428588963346556,0,0,0
49,954084,953295,0,0,0,0,0,0,0,0,0,0,0,0,0,0,0,0,0,0,0,0,0,0,0,0,0,0,0,0,0,0,0,0,0,0,0,0,0,0,0,0,0,0,0,0,0,0,0,0,11,38,89,55,92,0,2720,952664.116420339,951830.519771653,12.5829988693606,43.7277630057029,67.235117840357,22.3606736497618,68.9536326202291,210.993047464522,286.485922730115,60.7111516424736,0.960749605622787,3.34232151991493,18.0065410507023,37.6767566179263,0,1.89610656211153,0.571411036653444,0.150242421900408,0,0
50,951272,950384,0,0,0,0,0,0,0,0,0,0,0,0,0,0,0,0,0,0,0,0,0,0,0,0,0,0,0,0,0,0,0,0,0,0,0,0,0,0,0,0,0,0,0,0,0,0,0,0,12,57,64,67,85,0,2974,949747.200227482,948804.194383233,10.3780367254401,44.615632317668,68.2489212683452,27.6375983266269,80.9858488628622,248.396440771378,334.031956507538,61.2018301883697,0.0392503943772127,5.74628017744629,25.2099400329708,33.8139976370954,0.205777871189639,0.103893437888473,1.09374131192453,0,0,0
51,948213,947212,0,0,0,0,0,0,0,0,0,0,0,0,0,0,0,0,0,0,0,0,0,0,0,0,0,0,0,0,0,0,0,0,0,0,0,0,0,0,0,0,0,0,0,0,0,0,0,0,15,53,82,83,78,0,3208,946573.616207015,945497.991091265,14.1032529990902,55.7126043355216,62.3811208246705,31.6442378128,90.5696634594919,290.080548210864,381.955478463453,70.3356606524309,0,3.44140814407834,22.1350278540723,41.3643233158849,0.794222128810361,0.929669522755908,0.906258688075468,0.62639410387488,0,0
52,944927,943777,0,0,0,0,0,0,0,0,0,0,0,0,0,0,0,0,0,0,0,0,0,0,0,0,0,0,0,0,0,0,0,0,0,0,0,0,0,0,0,0,0,0,0,0,0,0,0,0,10,75,92,81,109,0,3410,943175.875270753,941953.572146969,11.9972571667962,62.364349996818,79.7135185821191,34.2860769859495,104.672916458582,340.792565008597,424.976323831703,71.4929469968882,0.581806133966893,6.94794993717296,24.8178495889511,61.7920515743219,0.0864263952244073,0,0.60630216752179,0,0,0
53,941408,940109,0,0,0,0,0,0,0,0,0,0,0,0,0,0,0,0,0,0,0,0,0,0,0,0,0,0,0,0,0,0,0,0,0,0,0,0,0,0,0,0,0,0,0,0,0,0,0,0,21,79,108,93,118,0,3696,939514.14724803,938139.25404327,13.6030709257685,70.8104755931288,90.7491617253714,40.5521198233069,115.820684500689,391.553246494249,479.333380774859,77.1195941257523,0,12.9865077127041,29.427276731218,48.1103089428692,0.913573604775593,0.982616061344743,2.90821905446156,0,0,0
54,937594,936117,0,0,0,0,0,0,0,0,0,0,0,0,0,0,0,0,0,0,0,0,0,0,0,0,0,0,0,0,0,0,0,0,0,0,0,0,0,0,0,0,0,0,0,0,0,0,0,0,17,79,105,96,147,0,4036,935527.236065016,933974.162182404,19.9105653791273,78.3693223127432,90.164024169986,39.3154937772637,129.400908500465,451.907125165551,545.462799691579,90.2533492360314,0.357013847202502,9.53386016558626,32.9697861026395,61.0848949040939,0,1.50441981211052,0.753388103796169,0,0,0
55,933411,931787,0,0,0,0,0,0,0,0,0,0,0,0,0,0,0,0,0,0,0,0,0,0,0,0,0,0,0,0,0,0,0,0,0,0,0,0,0,0,0,0,0,0,0,0,0,0,0,0,23,75,93,81,119,0,4359,931184.521944068,929491.071392198,19.072274823656,69.5088308083178,92.6749837778517,32.0286821174942,145.521766181615,518.143430396234,614.317706079982,97.0859404568647,3.78607026958205,11.4026011674548,26.4287207193131,59.0656608870132,0.669772159541026,2.18978976085782,0.933078655973077,0,0,0
56,928933,927158,0,0,0,0,0,0,0,0,0,0,0,0,0,0,0,0,0,0,0,0,0,0,0,0,0,0,0,0,0,0,0,0,0,0,0,0,0,0,0,0,0,0,0,0,0,0,0,0,17,91,119,130,144,0,4749,926471.432665623,924592.352264133,20.0469148135105,81.4072396009007,88.950833587595,48.9837393168455,161.966400941643,574.003027854177,676.618948258973,102.067895588795,2.30900425464586,14.5806829943428,33.7151222156734,61.6006326215302,0.330227840458974,1.36797536117849,3.00635740337598,0,0,0
57,924040,922058,0,0,0,0,0,0,0,0,0,0,0,0,0,0,0,0,0,0,0,0,0,0,0,0,0,0,0,0,0,0,0,0,0,0,0,0,0,0,0,0,0,0,0,0,0,0,0,0,40,80,162,147,164,0,4990,921493.43785485,919381.008479875,22.9871082643852,79.8779737008661,123.146375865455,65.2968289805206,180.651959844367,638.398766605502,731.988272283924,123.441829314841,2.99143028467755,13.7474356343813,43.0561778755344,77.0591892278921,0,3.74695323174819,3.16845731949434,0,0,0
58,918886,916646,0,0,0,0,0,0,0,0,0,0,0,0,0,0,0,0,0,0,0,0,0,0,0,0,0,0,0,0,0,0,0,0,0,0,0,0,0,0,0,0,0,0,0,0,0,0,0,0,30,91,163,145,211,0,5506,916020.602502812,913679.166743937,36.9252417663984,90.4630842954954,137.256667769008,53.1411492571565,203.050185709763,699.94934931971,815.7497003659,144.206539703267,0.588882398989618,17.7592110956545,46.5380507174209,90.9219364619291,0.183566270163283,1.51433107303455,3.98560263370847,0.384634035406634,0,0
59,913169,910717,0,0,0,0,0,0,0,0,0,0,0,0,0,0,0,0,0,0,0,0,0,0,0,0,0,0,0,0,0,0,0,0,0,0,0,0,0,0,0,0,0,0,0,0,0,0,0,0,35,126,161,181,202,0,5861,910116.602549888,907520.482408483,31.007425948989,93.6179682536743,149.257420511879,72.5949345976593,239.715751455796,773.637907917779,905.459834445966,149.622466610063,0.0943492174369993,17.0842426540241,54.1595438213254,101.965875684166,0.816433729836717,0.851079867687076,4.98363774432801,1.02149333269335,0,0
60,907106,904360,0,0,0,0,0,0,0,0,0,0,0,0,0,0,0,0,0,0,0,0,0,0,0,0,0,0,0,0,0,0,0,0,0,0,0,0,0,0,0,0,0,0,0,0,0,0,0,0,35,109,160,167,237,0,6375,903749.942443289,900887.437917652,33.3230205371685,121.389597022082,138.704078993067,73.8014490087985,267.491258516875,853.327793104998,1008.14477824404,172.452088918635,2.58301077777051,12.4393554824504,52.7816462973603,114.002011150098,0.612156687256387,5.27993148914538,6.69872850505635,0.889341935818301,0,0
61,900494,897524,0,0,0,0,0,0,0,0,0,0,0,0,0,0,0,0,0,0,0,0,0,0,0,0,0,0,0,0,0,0,0,0,0,0,0,0,0,0,0,0,0,0,0,0,0,0,0,0,29,130,211,158,225,0,6978,896905.294863459,893794.634170932,32.2888993450005,115.355328976132,165.149186306919,62.1029273771352,297.368120386959,954.49687935779,1099.7325288215,191.790611994901,3.17105268712059,16.8903332927159,53.0608198209967,103.32218526984,1.45968690398149,6.31556938891299,7.38019092733931,1.26064596949356,0,0
62,893291,890039,0,0,0,0,0,0,0,0,0,0,0,0,0,0,0,0,0,0,0,0,0,0,0,0,0,0,0,0,0,0,0,0,0,0,0,0,0,0,0,0,0,0,0,0,0,0,0,0,32,138,206,185,258,0,7641,889339.310710824,885967.365894524,28.9254700986749,118.293141404398,171.457872127596,58.8995012694465,323.022636826555,1044.0009287525,1216.63277946509,197.473114533474,0.391535578698694,23.1694210584764,56.1306166734277,113.323136689644,5.53986943070777,8.01914136336703,7.6057732448791,0.87056858956317,0,0
63,885392,881859,0,0,0,0,0,0,0,0,0,0,0,0,0,0,0,0,0,0,0,0,0,0,0,0,0,0,0,0,0,0,0,0,0,0,0,0,0,0,0,0,0,0,0,0,0,0,0,0,49,156,220,177,262,0,8323,881120.429090025,877414.185146302,40.6770945604536,137.55803537313,203.542705417127,76.6365714379141,346.998494961759,1134.4157635462,1322.15070586196,206.93881956253,0,24.0535227118464,68.7029502951227,110.200955634541,4.63432849920355,9.36531011085877,8.71761462253483,0.912000392010029,0,0
64,876807,872961,0,0,0,0,0,0,0,0,0,0,0,0,0,0,0,0,0,0,0,0,0,0,0,0,0,0,0,0,0,0,0,0,0,0,0,0,0,0,0,0,0,0,0,0,0,0,0,0,45,163,222,207,259,0,9021,872177.966029078,868158.416659303,47.963255448468,157.417833923133,181.263415961189,77.7247655426332,385.929625009618,1242.56590529781,1465.75712560871,217.50198399512,1.05209976890664,31.528428881383,66.174090212738,121.973160267487,1.58667698036879,8.12731317969411,13.9092873815871,0.895804727450013,0,0
65,867527,863330,0,0,0,0,0,0,0,0,0,0,0,0,0,0,0,0,0,0,0,0,0,0,0,0,0,0,0,0,0,0,0,0,0,0,0,0,0,0,0,0,0,0,0,0,0,0,0,0,29,161,210,208,301,0,9820,862498.500691769,858166.174347687,32.8130236885646,154.227991697062,195.130529889199,88.1819809748016,430.507443447667,1366.18167527814,1584.81582430778,229.315075229637,1.59682539883461,24.5710172260463,65.5190422231036,135.433512815659,1.7886116115842,9.73824136517942,15.7618401892721,1.1633052022176,0,0
66,857406,852931,0,0,0,0,0,0,0,0,0,0,0,0,0,0,0,0,0,0,0,0,0,0,0,0,0,0,0,0,0,0,0,0,0,0,0,0,0,0,0,0,0,0,0,0,0,0,0,0,56,175,237,232,315,0,10547,851982.816878863,847325.955748884,44.3038087620134,156.011175090266,183.72546141518,79.9885286111173,457.812431365724,1484.8648654233,1699.52226552925,246.820261458289,1.16825310548899,23.6428524528249,84.4660467449434,138.305555437539,5.70281935064122,13.4555467739701,17.9018814374501,2.8639700114727,0,0
67,846544,841712,0,0,0,0,0,0,0,0,0,0,0,0,0,0,0,0,0,0,0,0,0,0,0,0,0,0,0,0,0,0,0,0,0,0,0,0,0,0,0,0,0,0,0,0,0,0,0,0,57,174,283,236,343,0,11583,840592.86050171,835607.648308682,55.7163729363215,165.020917078797,216.025387016081,79.711133417922,494.991507313264,1602.07395042543,1808.4257144234,261.527099394132,2.46628380491336,29.9379130847967,77.3218267836182,149.53993455284,5.05580170964822,18.8368327813293,15.7506950570828,6.48158907891508,0,0
68,834618,829431,0,0,0,0,0,0,0,0,0,0,0,0,0,0,0,0,0,0,0,0,0,0,0,0,0,0,0,0,0,0,0,0,0,0,0,0,0,0,0,0,0,0,0,0,0,0,0,0,53,210,312,282,344,0,12262,828291.051779437,822883.655822845,53.0601691047307,184.366833338634,264.512269680788,104.904010229015,540.753379185006,1721.00893318489,1930.20437195327,277.313694967774,4.96834464716865,27.5948923187046,84.4969049160805,144.955600130273,7.05217129993252,25.9830634568672,26.4855437051731,3.29605619956391,0,0
69,822012,816372,0,0,0,0,0,0,0,0,0,0,0,0,0,0,0,0,0,0,0,0,0,0,0,0,0,0,0,0,0,0,0,0,0,0,0,0,0,0,0,0,0,0,0,0,0,0,0,0,53,191,292,276,396,0,13469,815048.64856078,809223.144265689,47.6781733205922,180.25752819349,280.411335795646,112.940360046638,581.182820482935,1854.23848681035,2090.85035450332,298.811368542816,2.39246481791122,33.128439310628,106.964251721517,171.135518175665,11.0720503432915,24.9383391337201,31.2712923198327,5.4289649132113,0,0
70,808147,802164,0,0,0,0,0,0,0,0,0,0,0,0,0,0,0,0,0,0,0,0,0,0,0,0,0,0,0,0,0,0,0,0,0,0,0,0,0,0,0,0,0,0,0,0,0,0,0,0,69,202,319,289,413,0,14517,800679.832235594,794509.266273059,64.3203992085698,177.326456246572,243.960190553822,93.2644367481452,620.372497002446,1975.7104145396,2272.11343073602,323.63915693581,1.09748353409691,41.2402682378372,87.9204245050992,187.734237326638,7.4013763637666,24.1779416778591,30.0039892311712,4.89980745454586,0,0
71,793217,786847,0,0,0,0,0,0,0,0,0,0,0,0,0,0,0,0,0,0,0,0,0,0,0,0,0,0,0,0,0,0,0,0,0,0,0,0,0,0,0,0,0,0,0,0,0,0,0,0,44,247,338,281,478,0,15302,785299.06521761,778741.268504725,52.1379837607496,213.611202860886,285.644612099563,85.2664890125359,677.035209301278,2096.10248898529,2402.90059813893,321.207124668572,0.964018543095548,37.8228909386663,117.913864870852,194.11231329549,9.73820339157407,27.3690534105226,30.7552225271027,5.23419164004736,0,0
72,777437,770707,0,0,0,0,0,0,0,0,0,0,0,0,0,0,0,0,0,0,0,0,0,0,0,0,0,0,0,0,0,0,0,0,0,0,0,0,0,0,0,0,0,0,0,0,0,0,0,0,64,231,357,321,485,0,16578,768894.672082318,761962.156371848,54.4687883910885,221.144654740609,268.83322881556,89.1116545930308,712.976496267005,2238.11941657217,2563.39515887676,331.987722485295,2.14238819102061,44.0143915562269,124.543118506262,167.610950008751,13.7585741658695,44.7398906864619,39.9959410743793,8.13699119276662,0,0
73,760374,753256,0,0,0,0,0,0,0,0,0,0,0,0,0,0,0,0,0,0,0,0,0,0,0,0,0,0,0,0,0,0,0,0,0,0,0,0,0,0,0,0,0,0,0,0,0,0,0,0,61,247,384,377,491,0,17670,751290.166853766,743941.718815478,56.6062378019521,217.484056819897,303.846468459224,101.149731138001,751.561675997402,2383.31028517607,2703.2624025729,350.710458484818,2.24567532233306,33.0512415307299,120.223613962313,192.826590708877,15.5977454151622,50.1736476487664,47.3823498325287,11.401676899144,0,0
74,742213,734642,0,0,0,0,0,0,0,0,0,0,0,0,0,0,0,0,0,0,0,0,0,0,0,0,0,0,0,0,0,0,0,0,0,0,0,0,0,0,0,0,0,0,0,0,0,0,0,0,57,257,409,337,516,0,18922,732419.523152352,724659.547060982,59.0247796747033,221.729075648623,316.483095062269,99.8773864723053,781.071381956289,2519.43286748543,2874.83776970056,373.772235205456,7.08929222073245,45.9862014506344,113.298102393858,212.707671472993,20.0602598897786,53.7805731659299,58.4531650958829,9.70171900674424,0,0
75,722775,714814,0,0,0,0,0,0,0,0,0,0,0,0,0,0,0,0,0,0,0,0,0,0,0,0,0,0,0,0,0,0,0,0,0,0,0,0,0,0,0,0,0,0,0,0,0,0,0,0,60,239,414,384,513,0,20282,712338.463524953,704173.230055758,53.0977120466804,226.999524953785,337.311319741282,114.11168883486,818.877498783238,2654.3699331405,3039.2143479426,384.30209158967,6.42741419427115,46.0176626613513,122.734717684601,192.429008237443,16.024908580003,53.2319526971372,81.4532391945573,15.3405610285494,0,0
76,701980,693603,0,0,0,0,0,0,0,0,0,0,0,0,0,0,0,0,0,0,0,0,0,0,0,0,0,0,0,0,0,0,0,0,0,0,0,0,0,0,0,0,0,0,0,0,0,0,0,0,68,279,360,346,524,0,21821,690805.278961717,682236.201212647,58.0546730567275,234.08246256793,316.22113013823,121.051453326023,841.529505699178,2792.21076316502,3201.1098889913,409.896614499836,5.14473148672676,37.8618968988545,124.386645857502,213.132673450321,29.0133415099842,69.0016372801878,93.1299632427206,13.9715687820512,0,0
77,679635,670921,0,0,0,0,0,0,0,0,0,0,0,0,0,0,0,0,0,0,0,0,0,0,0,0,0,0,0,0,0,0,0,0,0,0,0,0,0,0,0,0,0,0,0,0,0,0,0,0,78,300,426,419,577,0,23296,667707.38598607,658804.174741293,67.5789417623526,240.374788519537,313.561942897729,99.282573457613,862.401120207794,2907.70127555346,3292.25015568657,440.525261177668,5.48208954338324,46.7715450012089,140.878780818083,217.719569381357,35.5544678868682,95.7312978344681,115.963275037846,13.7876979545262,0,0
78,655762,646665,0,0,0,0,0,0,0,0,0,0,0,0,0,0,0,0,0,0,0,0,0,0,0,0,0,0,0,0,0,0,0,0,0,0,0,0,0,0,0,0,0,0,0,0,0,0,0,0,70,290,452,341,578,0,25154,642965.914747945,633714.774092348,73.5355422673117,256.091843766324,367.097932541275,98.5362633311532,905.674317344051,3018.89750563645,3413.47723334999,450.776718232049,7.08672172906438,46.3076808793722,119.964615888637,239.393585113754,19.3014327971671,102.02100773879,123.309210932084,17.0713085286617,0,0
79,630030,620638,0,0,0,0,0,0,0,0,0,0,0,0,0,0,0,0,0,0,0,0,0,0,0,0,0,0,0,0,0,0,0,0,0,0,0,0,0,0,0,0,0,0,0,0,0,0,0,0,75,302,446,411,573,0,26653,616495.927921206,606909.252627831,68.1230560764421,256.188722565577,350.437407518102,109.863524840697,943.197192981258,3119.27208145978,3554.64012346142,449.701748186073,5.12084176423429,48.8381157657144,141.286354568732,223.497059939193,32.5244660928544,127.02872239506,133.458105623095,24.7654432301131,0,0
80,602804,593048,0,0,0,0,0,0,0,0,0,0,0,0,0,0,0,0,0,0,0,0,0,0,0,0,0,0,0,0,0,0,0,0,0,0,0,0,0,0,0,0,0,0,0,0,0,0,0,0,63,295,447,371,593,0,28466,588257.768779418,578376.685109595,64.9396365311294,251.32152712297,359.496543329346,93.0032481627135,963.853478083343,3207.05091754539,3676.73903691092,476.072323954768,7.03405419594949,47.6612620336695,130.213910122485,233.303877848156,43.6306116763999,146.125752051603,148.972919515058,19.6570864887049,0,0
81,573745,563766,0,0,0,0,0,0,0,0,0,0,0,0,0,0,0,0,0,0,0,0,0,0,0,0,0,0,0,0,0,0,0,0,0,0,0,0,0,0,0,0,0,0,0,0,0,0,0,0,82,340,435,394,612,0,29813,558510.319039084,548412.779508547,63.4293939794956,270.6465145709,329.19093809108,89.2006990625626,975.947889352118,3254.52238480275,3748.20722150813,471.118871211856,13.5179555811692,48.3388391951441,167.008101049521,234.487614827492,43.0160057541512,180.240555513041,179.126172592163,27.8233932895176,0,0
82,543320,533125,0,0,0,0,0,0,0,0,0,0,0,0,0,0,0,0,0,0,0,0,0,0,0,0,0,0,0,0,0,0,0,0,0,0,0,0,0,0,0,0,0,0,0,0,0,0,0,0,75,281,481,419,680,0,31157,527431.072894443,517181.209070246,69.7254145243419,255.684896939377,356.024977599024,85.3282510578115,980.538392276375,3316.75742883168,3767.51800692769,446.492542787199,11.595084816272,53.1355220851218,169.348927617912,246.010048895121,52.2854080293528,183.231454813428,217.931651218355,33.8171287256918,0,0
83,511483,501213,0,0,0,0,0,0,0,0,0,0,0,0,0,0,0,0,0,0,0,0,0,0,0,0,0,0,0,0,0,0,0,0,0,0,0,0,0,0,0,0,0,0,0,0,0,0,0,0,78,293,458,429,663,0,32772,494688.106404908,484402.998463915,64.1626087014775,247.306375046636,340.039441813413,78.2566723808254,996.476958155321,3331.72180907919,3780.23832261582,429.323604565851,8.89168991218914,47.83025006378,167.589954425919,242.371234844504,49.5143814604695,213.675906843735,235.559331503738,40.4910693756774,0,0
84,478048,467723,0,0,0,0,0,0,0,0,0,0,0,0,0,0,0,0,0,0,0,0,0,0,0,0,0,0,0,0,0,0,0,0,0,0,0,0,0,0,0,0,0,0,0,0,0,0,0,0,74,327,431,394,668,0,34000,460747.990292887,450466.945511525,72.9840793678833,256.326074486154,320.486237810287,80.6118965242258,1006.06388435068,3323.22771709936,3752.51629448896,407.396077913085,6.84603601833058,62.4617382198294,153.625957995654,251.421655656515,54.6832793643567,222.343812166976,273.29177923016,39.9661954773881,0,0
85,443380,433110,0,0,0,0,0,0,0,0,0,0,0,0,0,0,0,0,0,0,0,0,0,0,0,0,0,0,0,0,0,0,0,0,0,0,0,0,0,0,0,0,0,0,0,0,0,0,0,0,83,313,398,378,644,0,34622,425778.56913422,415565.765428287,60.534496715446,263.729086320032,321.39297098142,88.7595783342896,997.571003634726,3282.51803737893,3661.46811993295,394.939833870514,8.67786103187633,62.2083256633892,167.977764798467,225.008253422317,79.6975146673408,268.096882829291,306.422297583752,34.8469022058415,0,0
86,408114,398013,0,0,0,0,0,0,0,0,0,0,0,0,0,0,0,0,0,0,0,0,0,0,0,0,0,0,0,0,0,0,0,0,0,0,0,0,0,0,0,0,0,0,0,0,0,0,0,0,53,281,409,388,648,0,35173,390232.011238877,380253.380702191,62.0574922744325,228.029810772311,288.741552768639,73.0261098269491,970.640289476232,3200.24978127095,3552.69718662976,373.14317609719,9.26977686663066,62.5717420939283,173.258416665469,224.350231519783,85.3689609114018,308.90748342965,316.860516875909,45.0638215422527,0,0
87,372293,362469,0,0,0,0,0,0,0,0,0,0,0,0,0,0,0,0,0,0,0,0,0,0,0,0,0,0,0,0,0,0,0,0,0,0,0,0,0,0,0,0,0,0,0,0,0,0,0,0,76,274,411,372,628,0,34935,354506.553982267,344839.97626026,54.941736747315,239.248724840932,295.892027491298,76.6820389996563,943.694076235882,3089.3139198618,3414.65655949859,348.899456364204,10.2761244156487,66.2933942426528,158.007059642362,196.928081536908,82.259856542666,307.155199281294,338.285640177711,43.4820267362627,0,0
88,336730,327220,0,0,0,0,0,0,0,0,0,0,0,0,0,0,0,0,0,0,0,0,0,0,0,0,0,0,0,0,0,0,0,0,0,0,0,0,0,0,0,0,0,0,0,0,0,0,0,0,71,299,427,350,591,0,34524,319182.859132417,309827.688081061,57.8175233620958,218.36786658943,278.155762057702,72.3889737214735,910.545397393756,2971.31643780719,3274.31701259136,328.820885784086,5.54087681097916,50.0890430665574,151.415677430694,207.814413038685,92.9867095590843,326.778606851613,358.25686029423,47.1712281739633,0,0
89,301615,292381,0,0,0,0,0,0,0,0,0,0,0,0,0,0,0,0,0,0,0,0,0,0,0,0,0,0,0,0,0,0,0,0,0,0,0,0,0,0,0,0,0,0,0,0,0,0,0,0,53,247,368,352,582,0,33794,284457.194015191,275491.85611152,50.8404357699706,233.808780298449,267.478611510097,63.9427652529959,864.085858854557,2808.43382676668,3084.74268106215,295.992086905597,3.53032688866232,55.7861473511084,133.32955318882,205.91258634558,109.625084386579,358.851649045315,394.72136240612,47.8346383893419,0,0
90,267239,258540,0,0,0,0,0,0,0,0,0,0,0,0,0,0,0,0,0,0,0,0,0,0,0,0,0,0,0,0,0,0,0,0,0,0,0,0,0,0,0,0,0,0,0,0,0,0,0,0,59,254,351,279,516,0,32384,250836.099819627,242380.746703383,43.3264281436,209.03658416183,234.349031834612,59.4409668847832,806.707452069246,2659.46714842969,2883.06251543942,265.792943449938,2.73176262691906,43.0841270138777,144.662717900183,188.343312566075,111.428904901548,366.561346468489,396.507362756505,44.8991822826919,0,0
91,234339,226172,0,0,0,0,0,0,0,0,0,0,0,0,0,0,0,0,0,0,0,0,0,0,0,0,0,0,0,0,0,0,0,0,0,0,0,0,0,0,0,0,0,0,0,0,0,0,0,0,52,213,318,284,470,0,30808,218646.611662401,210768.889707116,49.4933874797447,175.18989191887,209.946483397545,53.7881319045587,744.033921420098,2471.82412135328,2639.62538753105,241.614530549464,6.46370779054615,41.685769460206,134.135864040139,163.348658087647,102.458793107977,385.506794780542,415.336825920801,46.3992542441522,0,0
92,203061,195510,0,0,0,0,0,0,0,0,0,0,0,0,0,0,0,0,0,0,0,0,0,0,0,0,0,0,0,0,0,0,0,0,0,0,0,0,0,0,0,0,0,0,0,0,0,0,0,0,54,195,294,240,466,0,28911,188453.270383048,181230.489483698,46.3737415943529,150.873106900838,189.905958631212,52.3296779333669,681.320524095582,2236.03486131045,2400.92150445031,218.261784828697,6.49323037480617,40.3351948962234,107.842798420705,156.663419071847,111.259211890843,389.478494903578,404.841524801484,44.4268926825436,0,0
93,173684,166793,0,0,0,0,0,0,0,0,0,0,0,0,0,0,0,0,0,0,0,0,0,0,0,0,0,0,0,0,0,0,0,0,0,0,0,0,0,0,0,0,0,0,0,0,0,0,0,0,48,198,268,238,382,0,26941,159924.983044342,153371.491764816,34.7714931848191,136.515757888759,162.393938458937,47.2354639637083,624.585260858173,1990.31309702704,2174.48051321995,190.076618383238,1.15831007992641,40.442333659561,98.3456282236562,127.406989740648,109.106707735002,380.277855615952,383.715601032276,44.9915310081786,0,0
94,146361,140134,0,0,0,0,0,0,0,0,0,0,0,0,0,0,0,0,0,0,0,0,0,0,0,0,0,0,0,0,0,0,0,0,0,0,0,0,0,0,0,0,0,0,0,0,0,0,0,0,36,154,223,202,379,0,24245,134116.982816733,128239.562626478,31.1684385776421,120.321693504595,136.290739709366,35.3839052772265,552.241534748871,1733.29237446008,1915.284926939,173.20997124791,3.25825483210717,52.2702672964641,99.7194551595303,110.898344537121,111.548402321236,380.938342403494,393.611754533292,45.521952514189,0,0
95,121737,116252,0,0,0,0,0,0,0,0,0,0,0,0,0,0,0,0,0,0,0,0,0,0,0,0,0,0,0,0,0,0,0,0,0,0,0,0,0,0,0,0,0,0,0,0,0,0,0,0,30,129,217,145,290,0,21796,110637.018443972,105515.968515981,23.6838665135978,99.8891652979606,133.961531405333,28.2109623321468,478.210112597341,1521.43737268391,1626.11721882679,144.941741045068,5.20125175958603,21.5538130667153,87.9587227528137,94.4167457656438,101.609806769321,331.815729659283,390.135899747043,36.3344367772405,0,0
96,99651,94872,0,0,0,0,0,0,0,0,0,0,0,0,0,0,0,0,0,0,0,0,0,0,0,0,0,0,0,0,0,0,0,0,0,0,0,0,0,0,0,0,0,0,0,0,0,0,0,0,34,104,161,142,266,0,19221,89834.4149891088,85418.9910465636,26.6894543316951,77.3823249051784,100.035449981904,26.5987895899976,401.651026312838,1284.98419604102,1379.92939985637,118.120639414695,1.97317649097569,30.6885723719699,61.0517443550204,79.067586776352,101.388865892806,330.608587438288,367.989519851957,39.279858596095,0,0
97,80164,76123,0,0,0,0,0,0,0,0,0,0,0,0,0,0,0,0,0,0,0,0,0,0,0,0,0,0,0,0,0,0,0,0,0,0,0,0,0,0,0,0,0,0,0,0,0,0,0,0,23,90,111,110,204,0,16721,71673.619394426,67979.9458949295,20.8804048487877,59.8780924109464,78.8358778526035,16.1916012283614,331.513560509293,1078.48189544901,1115.96507528568,92.5423505343763,2.68109659171655,23.2855705191491,64.0702158589877,60.3828356782458,98.4700161881688,279.295793656338,328.271359828917,42.6125103661808,0,0
98,63239,59904,0,0,0,0,0,0,0,0,0,0,0,0,0,0,0,0,0,0,0,0,0,0,0,0,0,0,0,0,0,0,0,0,0,0,0,0,0,0,0,0,0,0,0,0,0,0,0,0,15,65,101,86,197,0,14344,56015.1003412965,52996.6704195196,9.03966364618476,31.6307208666573,34.1985550383523,12.1554189637348,267.379441474997,866.127313050589,895.875956932124,65.2155811285489,4.49894397820184,19.2399155395418,53.7648417046654,52.862976032772,84.3175658143162,273.128528706909,275.364351322586,36.01065683623,0,0
99,48698,46029,0,0,0,0,0,0,0,0,0,0,0,0,0,0,0,0,0,0,0,0,0,0,0,0,0,0,0,0,0,0,0,0,0,0,0,0,0,0,0,0,0,0,0,0,0,0,0,0,17,61,93,63,116,0,11644,42769.6267035299,40347.3030925737,3.85603899850959,21.2559087547909,30.0216940600236,4.64845816510491,0,0,0,0,0.79997683454306,6.77217899922903,18.7869629267358,30.4970456554797,284.211145368889,939.706710738194,985.143886412617,83.2218188968732,0,0
100,36938,34814,0,0,0,0,0,0,0,0,0,0,0,0,0,0,0,0,0,0,0,0,0,0,0,0,0,0,0,0,0,0,0,0,0,0,0,0,0,0,0,0,0,0,0,0,0,0,0,0,0,0,0,0,0,0,36938,0,0,0,0,0,0,0,0,0,0,0,0,0,0,7.3467744742337,26.9478052254088,39.0900900764297,14.5047564048666,0,0
