date,2026-07-01_23:31
model,SimCRC v0.13.0
risk_scenario,BASE
population,TOTAL
adherence,PERFECT
stooltest_type,NA
stooltest_startage,NA
stooltest_stopage,NA
stooltest_interval,NA
structuralexam_type,NA
structuralexam_startage,NA
structuralexam_stopage,NA
structuralexam_interval,NA

age,n_alive,n_alive_nocrc,n_pos_fit,n_pos_sensa,n_pos_sdna,n_pos_sig,n_pos_ctc,n_pos_scrcol,n_neg_fit,n_neg_sensa,n_neg_sdna,n_neg_sig,n_neg_ctc,n_neg_scrcol,n_pos_fucol,n_neg_fucol,n_pos_survcol,n_neg_survcol,n_adn1to5_scr,n_adn6to9_scr,n_adn10plus_scr,n_CRCstageI_scr,n_CRCstageII_scr,n_CRCstageIII_scr,n_CRCstageIV_scr,n_adn1to5_surv,n_adn6to9_surv,n_adn10plus_surv,n_CRCstageI_surv,n_CRCstageII_surv,n_CRCstageIII_surv,n_CRCstageIV_surv,n_CRCstageI_sym,n_CRCstageII_sym,n_CRCstageIII_sym,n_CRCstageIV_sym,n_CRC_dth,n_compl_dth,n_oc_dth,n_ovrdg_crc,n_ovrdg_adn,ly,ly_nocrc,ly_crcI_initial,ly_crcII_initial,ly_crcIII_initial,ly_crcIV_initial,ly_crcI_contin,ly_crcII_contin,ly_crcIII_contin,ly_crcIV_contin,ly_crcI_termcrc,ly_crcII_termcrc,ly_crcIII_termcrc,ly_crcIV_termcrc,ly_crcI_termoc,ly_crcII_termoc,ly_crcIII_termoc,ly_crcIV_termoc,n_3ormorenonlargeadn_scr,n_3ormorenonlargeadn_surv
40,971315,971315,0,0,0,0,0,0,0,0,0,0,0,0,0,0,0,0,0,0,0,0,0,0,0,0,0,0,0,0,0,0,6,11,29,19,6,0,1430,0,0,970593.782300911,970566.741899759,2.88263292816938,4.46656376757974,11.0996955274997,1.94570579178014,0,0,0,0,0,0.598481028340757,1.47681469893732,0.920793920135075,0,0,0,0.0740771755728318,0,0
41,969879,969821,0,0,0,0,0,0,0,0,0,0,0,0,0,0,0,0,0,0,0,0,0,0,0,0,0,0,0,0,0,0,4,16,33,41,17,0,1502,0,0,969122.476405969,969030.8576858,5.19213639217193,11.4633684568824,26.2535643369305,13.0518868478165,2.88263292816938,4.46656376757974,10.5317099776978,1.92560522685142,0,0.0154986449051648,1.24613492207731,10.500301679722,0,0,0,0,0,0
42,968360,968225,0,0,0,0,0,0,0,0,0,0,0,0,0,0,0,0,0,0,0,0,0,0,0,0,0,0,0,0,0,0,5,26,33,49,43,0,1581,0,0,967537.613557725,967365.368471002,5.56378935114323,20.6585302142359,31.5425538741216,15.9900389792827,8.07476932034131,15.9299322244621,35.2864303806104,9.77687002737024,0,0.745991463723044,6.46244209859224,22.6510430162149,0,0.42630746649386,0,0,0,0
43,966736,966532,0,0,0,0,0,0,0,0,0,0,0,0,0,0,0,0,0,0,0,0,0,0,0,0,0,0,0,0,0,0,4,20,44,32,47,0,1703,0,0,965855.641013411,965632.414482852,2.99338215881192,22.5658289729142,29.5215791058129,16.7528422256752,13.6385586714845,36.5814768469735,56.8264108796012,16.489133327144,0.208567346679047,0.254008536276956,11.3160105731287,19.2489823433278,0,0,0,0,0,0
44,964986,964729,0,0,0,0,0,0,0,0,0,0,0,0,0,0,0,0,0,0,0,0,0,0,0,0,0,0,0,0,0,0,6,33,58,37,34,0,1846,0,0,964042.753921975,963734.706372799,5.05715037978532,22.4348306369863,50.323719910687,16.1891662502538,16.6319408302965,58.9201377650982,80.6111277611288,25.6997311789204,0,0.80243478510436,8.38138655719536,18.2535856065743,0,0,0,0,0,0
45,963106,962749,0,0,0,0,0,0,0,0,0,0,0,0,0,0,0,0,0,0,0,0,0,0,0,0,0,0,0,0,0,0,12,30,46,44,51,0,2022,0,0,962100.874640862,961707.079023488,6.21578579522302,33.0319880002217,42.9363913582783,13.7474496437286,21.6890912100818,80.058135828776,122.2450769403,27.4278131292562,0,2.8078812145756,13.9315181160317,29.2597020409925,0,0.628823808860034,0,0,0,0
46,961033,960595,0,0,0,0,0,0,0,0,0,0,0,0,0,0,0,0,0,0,0,0,0,0,0,0,0,0,0,0,0,0,11,32,60,56,66,0,2146,0,0,959922.342446256,959437.393835764,13.9496873768364,26.8800518363742,47.6282336630838,28.2223907644022,27.9048770053048,108.90544315209,151.892113734024,28.1795102818264,0,5.1070614552568,15.7029652326557,25.9689169664651,0,0.371176191139966,0,0,0,0
47,958821,958291,0,0,0,0,0,0,0,0,0,0,0,0,0,0,0,0,0,0,0,0,0,0,0,0,0,0,0,0,0,0,8,39,72,55,68,0,2346,0,0,957642.864327723,957062.003687009,8.13470784425276,34.7974031077953,52.2184725014849,23.6094353220656,41.0879065510232,134.381423311708,192.663211776593,41.2562587573512,0.766657831118025,1.64989639599278,16.4287328579142,36.7152300107379,0,0,0.5712645996595,0,0,0
48,956407,955772,0,0,0,0,0,0,0,0,0,0,0,0,0,0,0,0,0,0,0,0,0,0,0,0,0,0,0,0,0,0,8,38,76,58,70,0,2515,0,0,955122.944681212,954434.147893081,8.62452701777381,39.2988388099325,62.822427259191,27.8928998407822,48.989272226394,167.470644255794,227.649191943004,45.0548166466874,0.233342168881975,2.4897258438682,20.4818874700475,37.5227832827504,0,0.14238535054028,0,0,0,0
49,953822,953077,0,0,0,0,0,0,0,0,0,0,0,0,0,0,0,0,0,0,0,0,0,0,0,0,0,0,0,0,0,0,8,48,65,60,81,0,2823,0,0,952368.451147082,951579.012247375,8.08262603660296,36.8583933311215,63.142900744205,28.3686460384811,56.6874614078575,202.88652583823,272.037187437704,51.9979368431434,0,3.48437494733599,24.3552381909862,38.260153438994,0.926337836310267,0.85761464945972,0,0,0,0
50,950918,950074,0,0,0,0,0,0,0,0,0,0,0,0,0,0,0,0,0,0,0,0,0,0,0,0,0,0,0,0,0,0,12,62,87,64,96,0,3056,0,0,949366.387513734,948458.922987821,9.17865130662589,56.8833535565574,68.2610205786238,28.046414714694,63.7028466324675,235.236312890117,307.531399434761,58.7459280668783,0.993578648303206,5.86349996802678,25.8151146598762,44.8767698967838,0.0736621636897326,0,0.55046985251829,0,0,0
51,947766,946794,0,0,0,0,0,0,0,0,0,0,0,0,0,0,0,0,0,0,0,0,0,0,0,0,0,0,0,0,0,0,13,47,89,77,100,0,3364,0,0,946044.580382264,945013.057687877,13.7596776488759,50.0109977100751,79.5196536389658,26.4789222803219,72.8750765873966,286.314161643773,357.524388594063,66.1083061581104,0.00642135169679392,7.3646567978798,23.4199278753398,47.6209371543923,0,0.706668325182726,2.06181610934436,0,0,0
52,944302,943206,0,0,0,0,0,0,0,0,0,0,0,0,0,0,0,0,0,0,0,0,0,0,0,0,0,0,0,0,0,0,18,64,94,73,105,0,3479,0,0,942541.850183819,941390.234296632,13.4912842702198,51.4465599438699,79.9958899287674,27.5655367297177,86.5556077823856,327.808577474631,414.709366216812,72.9981712360504,0.079146453886942,9.35681645222031,28.2936279562442,40.1727712258267,0,0.935428066906439,0.387714038137347,0,0,0
53,940718,939481,0,0,0,0,0,0,0,0,0,0,0,0,0,0,0,0,0,0,0,0,0,0,0,0,0,0,0,0,0,0,19,59,103,84,110,0,3724,0,0,938782.881111263,937458.346011114,18.4853143059356,64.9458267587322,95.934608279132,34.5284871564689,99.1260385064923,369.284194730525,469.268696310406,81.8918373456171,1.83212900603218,13.2780191295468,29.7996565462899,41.0880135477101,0,0.884740134933963,0,0,0,0
54,936884,935492,0,0,0,0,0,0,0,0,0,0,0,0,0,0,0,0,0,0,0,0,0,0,0,0,0,0,0,0,0,0,21,62,116,97,112,0,3882,0,0,934897.469245789,933418.49521584,21.214792358797,55.1313354445747,94.9454879668725,35.3442620639794,117.611352812428,423.533271407402,538.041626679047,95.3486174090927,0.25881012971513,9.59893053240434,32.195545077303,50.905934554616,0.0806414885446429,1.94297264209219,0,0.183705585791287,0,0
55,932890,931317,0,0,0,0,0,0,0,0,0,0,0,0,0,0,0,0,0,0,0,0,0,0,0,0,0,0,0,0,0,0,23,83,131,98,139,0,4242,0,0,930720.977202804,929046.429019602,21.5681650688162,71.7486197088689,117.27448048165,45.0034125941736,137.201899647887,469.902330565739,603.816614679943,104.551614887382,0,6.92942865071684,34.7582639233019,57.7127636131886,1.93409477360547,3.42317234338567,0,0.837697389069945,0,0
56,928509,926746,0,0,0,0,0,0,0,0,0,0,0,0,0,0,0,0,0,0,0,0,0,0,0,0,0,0,0,0,0,0,30,90,136,120,151,0,4819,0,0,926032.730111397,924162.005293317,25.7991649239547,74.8870698263333,115.294297955709,34.9560358898398,157.023761310942,534.573396124175,688.238131706411,118.386085396945,0.76103966791176,7.2007247940924,42.5088392835219,61.1664858663096,0.985263737849891,1.31974837302008,0.526923111254646,1.16230261093006,0,0
57,923539,921558,0,0,0,0,0,0,0,0,0,0,0,0,0,0,0,0,0,0,0,0,0,0,0,0,0,0,0,0,0,0,26,118,148,132,168,0,5106,0,0,920918.262750487,918807.714165216,26.8832362261876,100.987764717496,124.722578628808,48.0305036959314,182.583965902808,600.770673678523,763.960855726528,117.931380406779,0.99646436392203,10.0717976045746,51.3485094571349,76.5375909232643,0,1.78145422984134,0.777958446880803,0,0,0
58,918265,916030,0,0,0,0,0,0,0,0,0,0,0,0,0,0,0,0,0,0,0,0,0,0,0,0,0,0,0,0,0,0,30,101,186,133,186,0,5516,0,0,915416.756615323,913039.338887817,24.5236755575188,113.006934841287,157.230041451774,55.2194490413505,207.127375945759,686.646836315471,846.638622322528,126.178880551669,1.68966439646047,12.3948199009694,49.9873299995259,90.4006308150705,0.948606920195743,4.52273823996074,3.54299315600656,0.787537451185173,0,0
59,912563,910071,0,0,0,0,0,0,0,0,0,0,0,0,0,0,0,0,0,0,0,0,0,0,0,0,0,0,0,0,0,0,24,122,179,139,191,0,5893,0,0,909526.002177129,906896.827419148,30.5936053969994,110.915281826141,154.247629398289,58.0193537906723,230.185433989371,784.905044582617,950.794669969267,148.694087076655,1.07487364735138,12.9333157482311,55.788618588432,74.0564306580826,0.0513930798042566,3.05880505930401,7.41915069232094,0.737401452381164,0,0
60,906479,903727,0,0,0,0,0,0,0,0,0,0,0,0,0,0,0,0,0,0,0,0,0,0,0,0,0,0,0,0,0,0,32,131,166,178,220,0,6348,0,0,903179.412397802,900303.760924288,25.5661468750619,103.068033747455,145.777919359358,58.5351392681725,258.54251438556,873.818367574758,1059.26947444865,165.74700770992,1.9948492090147,21.2097430906946,49.0422280248976,89.0219895130321,0.765467825811356,4.18268335750327,7.21165787638165,2.51708220831397,0,0
61,899911,896882,0,0,0,0,0,0,0,0,0,0,0,0,0,0,0,0,0,0,0,0,0,0,0,0,0,0,0,0,0,0,33,149,170,157,238,0,6993,0,0,896265.950542042,893114.993013838,30.0051101981421,136.511476928415,143.069004200795,65.8696963552436,280.92121810152,954.585923255349,1150.41880616073,182.590046628648,1.40369303971524,25.5834953116484,62.1944905219244,108.649651883134,1.78375011938624,6.8909920985596,8.5531931410078,1.206034221914,0,0
62,892680,889400,0,0,0,0,0,0,0,0,0,0,0,0,0,0,0,0,0,0,0,0,0,0,0,0,0,0,0,0,0,0,36,111,182,190,268,0,7641,0,0,888725.207311847,885346.120844783,37.991551635512,118.259028607492,146.328500919296,54.8355050716056,306.448232860361,1069.92767661294,1241.15558171184,191.865756488841,3.418076185727,21.5666492516598,60.5750635668676,110.079409227378,2.32960394164547,5.03640150674619,6.58875800575597,0.76531741139479,0,0
63,884771,881259,0,0,0,0,0,0,0,0,0,0,0,0,0,0,0,0,0,0,0,0,0,0,0,0,0,0,0,0,0,0,34,123,217,207,260,0,8367,0,0,880451.559224947,876784.858184133,29.6998175562315,118.359351450353,178.804223885805,73.8749448934424,339.972257797295,1161.8344091272,1328.76289251027,190.516084503827,2.63507292015314,16.6531058604148,68.0415069485166,125.609938460788,1.82805267791264,9.77384747497062,7.1479284806638,2.81294097030624,0,0
64,876144,872332,0,0,0,0,0,0,0,0,0,0,0,0,0,0,0,0,0,0,0,0,0,0,0,0,0,0,0,0,0,0,26,124,226,199,302,0,8848,0,0,871539.44630437,867615.907018372,27.8087758035151,116.201064283388,183.44463844942,77.9123988428644,365.86376181415,1248.59046679313,1438.78788813947,207.07545346869,3.52430055628818,28.2746029724793,79.6732008515317,131.66944698485,1.36883544293232,6.27874776138924,7.34331152856479,2.56232765835858,0,0
65,866994,862930,0,0,0,0,0,0,0,0,0,0,0,0,0,0,0,0,0,0,0,0,0,0,0,0,0,0,0,0,0,0,46,129,238,207,301,0,9713,0,0,861947.793438605,857739.114844321,35.965828317696,118.007682049569,209.716911960989,71.6212970630763,387.341956880924,1325.64095202662,1553.02737382327,221.081854234351,2.43496823147709,28.3175541423512,73.9001127748093,131.444970199211,3.89561250526458,15.6081403366953,16.0642293742054,3.64658734229481,0,0
66,856980,852628,0,0,0,0,0,0,0,0,0,0,0,0,0,0,0,0,0,0,0,0,0,0,0,0,0,0,0,0,0,0,40,156,241,224,316,0,10843,0,0,851393.700153211,846901.350991888,41.722620805711,130.780317623523,217.43066406572,79.0444229951286,418.838278063999,1414.35330807038,1685.39377639171,235.720109652269,1.35100822277225,22.2010639123303,74.2036495104662,138.251668060762,4.75088563675916,14.0120263512988,20.9124180014239,2.88598238347758,0,0
67,845821,841171,0,0,0,0,0,0,0,0,0,0,0,0,0,0,0,0,0,0,0,0,0,0,0,0,0,0,0,0,0,0,44,207,276,264,323,0,11525,0,0,839884.000560121,835017.512464586,39.982873423978,176.693419320767,225.559286477801,91.9079670779464,448.897516355197,1494.51333396269,1832.35422120383,252.213317126642,2.77515260248056,32.7907349741876,70.5016214107113,141.356056488123,8.50005751848221,23.0332722153986,13.7077180709271,3.34190809770654,0,0
68,833973,828902,0,0,0,0,0,0,0,0,0,0,0,0,0,0,0,0,0,0,0,0,0,0,0,0,0,0,0,0,0,0,62,189,283,253,344,0,12582,0,0,827520.511460336,822247.986631047,54.6282014559902,183.032183802627,252.051244922233,97.5552725339928,476.450166183565,1635.19478566046,1973.74945311107,267.95573134515,2.21446196966936,21.4201161303584,84.7668548303676,166.435939793983,10.5081293773837,20.3420361175027,20.5185502734742,3.0719583175518,0,0
69,821047,815591,0,0,0,0,0,0,0,0,0,0,0,0,0,0,0,0,0,0,0,0,0,0,0,0,0,0,0,0,0,0,44,191,312,243,369,0,13513,0,0,814118.5811782,808491.697204959,49.2437536761052,174.369367689457,259.004684431101,98.1989200909184,522.787442824327,1767.28076044008,2117.41445129363,281.06438417978,0.298519249772653,28.7291534554861,105.493332741953,165.024212145053,8.29092481522821,25.4896259720163,27.295957711857,3.50725490058166,0,0
70,807165,801349,0,0,0,0,0,0,0,0,0,0,0,0,0,0,0,0,0,0,0,0,0,0,0,0,0,0,0,0,0,0,54,208,307,288,457,0,14598,0,0,799617.116783437,793626.042327479,46.8225024661056,185.520186139528,255.244303380299,83.8789973268977,564.014467609958,1883.97024433346,2256.51501825501,292.331591790941,1.73619685240266,39.4323481131436,111.888923427696,177.2414526062,7.21933569805697,31.5681038607195,37.8917395432084,3.97484957285009,0,0
71,792110,785973,0,0,0,0,0,0,0,0,0,0,0,0,0,0,0,0,0,0,0,0,0,0,0,0,0,0,0,0,0,0,59,221,331,313,481,0,15285,0,0,784228.498392812,777923.180686658,57.4344215723188,184.810001533517,259.303534805135,85.1882746502998,595.31487437314,2015.16214816234,2388.28533909717,285.002008373803,2.13836986930977,32.9131933727434,120.480009072361,183.147744586361,14.4450490276795,27.899327139603,39.2894736016929,8.30254547202648,0,0
72,776344,769855,0,0,0,0,0,0,0,0,0,0,0,0,0,0,0,0,0,0,0,0,0,0,0,0,0,0,0,0,0,0,66,205,349,309,475,0,16510,0,0,767845.629446743,761181.025110908,59.5319927270076,195.646803627568,267.131499562647,102.686041207024,637.483636812246,2143.54204540018,2515.29053142928,294.421395366894,4.51980962006763,35.1066233240776,111.808752131556,186.79205556311,10.6389145008288,32.3500807792214,54.8376669979944,9.54655366344163,0,0
73,759359,752525,0,0,0,0,0,0,0,0,0,0,0,0,0,0,0,0,0,0,0,0,0,0,0,0,0,0,0,0,0,0,68,228,351,306,437,0,17683,0,0,750347.543278401,743306.179648689,66.0446343391253,204.240248640174,291.738965219961,96.2797832280056,678.50080605469,2269.70217825249,2638.10466800791,327.668092467462,5.59910162757429,39.0558152728432,121.589893481427,166.125662132421,16.1470612787489,44.8815945749657,64.7820110712995,8.41663884883992,0,0
74,741239,734013,0,0,0,0,0,0,0,0,0,0,0,0,0,0,0,0,0,0,0,0,0,0,0,0,0,0,0,0,0,0,61,265,329,324,471,0,19237,0,0,731321.179763464,723946.496850635,60.6753360433604,212.603575837921,262.025110420593,99.9374933097026,725.804478800959,2404.25071854805,2770.40307080445,343.430721525997,6.36854420064007,39.9647262519241,123.181777877918,180.115883256632,13.7134310051333,46.4677361830686,76.0134632502848,8.20797289271032,0,0
75,721531,713950,0,0,0,0,0,0,0,0,0,0,0,0,0,0,0,0,0,0,0,0,0,0,0,0,0,0,0,0,0,0,60,248,417,329,483,0,20326,0,0,711116.908007139,703360.322794228,55.7984340594012,229.913940730904,305.180568038945,103.930036353603,765.822441711768,2529.73632487161,2884.14329533326,359.772544873367,6.93533758465405,40.8207737576172,110.693721573982,200.346605754848,15.4402335262921,61.2166050853054,75.3885237728342,10.441766008453,0,0
76,700722,692745,0,0,0,0,0,0,0,0,0,0,0,0,0,0,0,0,0,0,0,0,0,0,0,0,0,0,0,0,0,0,75,269,367,387,533,0,21666,0,0,689681.544864049,681510.565098113,59.2210615432629,229.014633827107,340.588724817399,114.890203368452,800.826679025947,2646.75102689827,3032.20938563025,376.706756587504,6.12534215076923,46.5632044728187,119.155048473133,200.157322715862,17.4404873404886,80.7443530783743,81.2052588695799,11.1986497506962,0,0
77,678523,670166,0,0,0,0,0,0,0,0,0,0,0,0,0,0,0,0,0,0,0,0,0,0,0,0,0,0,0,0,0,0,55,279,428,380,540,0,23241,0,0,666642.574693945,658120.327176308,63.9602818290355,239.177391653765,306.316108396751,109.08013817704,839.066102992206,2758.43449063328,3196.63566624851,398.732701584428,6.44693890266194,45.6422025002376,120.298931364076,225.557524190895,17.7362428872255,89.6617257666863,87.8259747279973,13.5506347019985,0,0
78,654742,646004,0,0,0,0,0,0,0,0,0,0,0,0,0,0,0,0,0,0,0,0,0,0,0,0,0,0,0,0,0,0,65,297,440,353,552,0,25190,0,0,641816.787136993,632893.424472506,54.0600727261689,268.079137076341,353.917306283419,109.622972657132,878.137312587699,2865.225568288,3308.60306288372,410.508221745249,5.27726547109995,41.0437772779616,134.919815178806,232.52900146218,20.8978304759434,104.41062458437,116.966981051137,21.5805100706479,0,0
79,629000,619909,0,0,0,0,0,0,0,0,0,0,0,0,0,0,0,0,0,0,0,0,0,0,0,0,0,0,0,0,0,0,78,266,420,357,578,0,26607,0,0,615465.381290692,606272.33029793,66.2675663703807,242.526385727659,327.166541056313,94.1466130493845,897.831918081988,2977.03761806657,3420.2477779116,419.662843244853,3.26274968324141,50.1239726233994,162.069540017346,213.076575856147,34.9146112519195,122.470636005967,139.479566291599,24.5173859020886,0,0
80,601815,592497,0,0,0,0,0,0,0,0,0,0,0,0,0,0,0,0,0,0,0,0,0,0,0,0,0,0,0,0,0,0,47,277,408,364,593,0,27830,0,0,587667.523437335,578259.046264045,63.529217149074,246.096948396671,322.125070682477,91.7590676071673,919.838968908605,3019.51355294758,3498.70152310874,430.372728212485,5.9512137314891,59.5330632628862,137.183134098955,220.648068605235,40.9709112976126,157.21275280525,163.149963913541,19.4659909858379,0,0
81,573392,563957,0,0,0,0,0,0,0,0,0,0,0,0,0,0,0,0,0,0,0,0,0,0,0,0,0,0,0,0,0,0,65,268,442,378,609,0,29832,0,0,558160.748863668,548665.458286172,51.2785077873885,231.92005700592,318.956985273935,81.4372767467919,933.220504188883,3076.14825921441,3548.29749049389,424.368740845445,7.28947910205262,46.8474066062223,144.575386996479,226.987107887054,45.3749729257934,153.410982438353,187.810729094961,19.9321317372638,0,0
82,542951,533388,0,0,0,0,0,0,0,0,0,0,0,0,0,0,0,0,0,0,0,0,0,0,0,0,0,0,0,0,0,0,60,300,424,377,583,0,31348,0,0,526991.361038753,517366.610570716,56.4880488820386,247.575639252603,319.83270125327,87.0815237250333,929.093361503359,3118.69046937553,3553.67260865035,418.917353165416,7.23268359944416,42.5033516141652,175.263727281723,211.743588953587,49.8555432684635,168.94752743101,207.081273619098,23.5317511063175,0,0
83,511020,501341,0,0,0,0,0,0,0,0,0,0,0,0,0,0,0,0,0,0,0,0,0,0,0,0,0,0,0,0,0,0,65,292,436,384,656,0,32681,0,0,494441.292264438,484750.741932581,53.7867312498765,244.816029273689,308.773723113585,88.5751759061902,933.162322297727,3150.37637631734,3558.69160270398,412.680982315954,5.1035813783971,51.5780601861215,156.73649724394,235.557751513674,51.3402695450544,198.644470984035,220.597530239941,25.5578515416917,0,0
84,477683,467988,0,0,0,0,0,0,0,0,0,0,0,0,0,0,0,0,0,0,0,0,0,0,0,0,0,0,0,0,0,0,63,285,432,371,601,0,33784,0,0,460530.973205934,450821.759120058,51.2161261815274,234.868754548269,328.702610436876,81.2093573900275,924.178439895071,3138.59775023717,3510.66094241642,396.548064016283,6.78098257923128,65.5322566022861,161.328469641283,220.267206414452,65.104263047631,219.315872341892,262.791609467286,35.3279559804989,0,0
85,443298,433634,0,0,0,0,0,0,0,0,0,0,0,0,0,0,0,0,0,0,0,0,0,0,0,0,0,0,0,0,0,0,62,276,405,366,635,0,34545,0,0,425719.394592278,416155.416827792,49.3724623198154,231.045743915662,290.059695917135,78.0842207304366,911.686454928232,3110.19743457782,3461.03923074597,385.465035411079,4.89796827530748,44.4015458421325,171.089750565531,208.724816318663,62.9263539138271,247.454769216493,270.744823460327,35.8247580306022,0,0
86,408118,398615,0,0,0,0,0,0,0,0,0,0,0,0,0,0,0,0,0,0,0,0,0,0,0,0,0,0,0,0,0,0,58,259,394,379,593,0,34947,0,0,390211.701488622,380796.734895085,52.3862183631181,220.367558486967,297.544474536536,77.1404851319977,883.571986328442,3045.2961653745,3355.88355948812,367.842701005862,5.78325202928191,50.2435033739526,151.385079185806,215.832929409149,77.7989231679709,269.73237003566,310.368200763137,41.3025993144585,0,0
87,372578,363270,0,0,0,0,0,0,0,0,0,0,0,0,0,0,0,0,0,0,0,0,0,0,0,0,0,0,0,0,0,0,59,235,413,321,539,0,34875,0,0,354862.224619471,345703.779618888,43.2401644957196,208.415995942042,293.082731486934,73.0973119971028,856.761155408106,2955.5138291257,3250.03852629774,350.218945069824,5.28759108681317,54.5647317954201,144.325437734605,183.660667716693,84.444225145443,282.394503646485,316.505270075343,47.4789199121573,0,0
88,337164,328144,0,0,0,0,0,0,0,0,0,0,0,0,0,0,0,0,0,0,0,0,0,0,0,0,0,0,0,0,0,0,66,239,344,289,530,0,34580,0,0,319560.443704706,310738.623877465,51.3832291932557,182.337425882838,272.620532894415,66.2308972372997,798.628752106371,2821.37013494662,3117.26716648313,327.945650820753,10.1385902809479,45.8635205869971,146.597709751528,184.301120552168,96.963946729801,322.596936766905,353.647479512697,46.8398941671074,0,0
89,302054,293449,0,0,0,0,0,0,0,0,0,0,0,0,0,0,0,0,0,0,0,0,0,0,0,0,0,0,0,0,0,0,47,236,330,281,530,0,33798,0,0,284815.184107724,276461.192808355,41.8179451732427,180.999047074056,231.268937001657,53.3474184380598,756.38759171555,2654.16306391198,2949.75317984589,293.801811416712,4.26738027800998,52.6660325183411,131.738546392122,177.957726119986,99.2557280629645,325.290886001964,355.901832044693,49.5115309350091,0,0
90,267726,259635,0,0,0,0,0,0,0,0,0,0,0,0,0,0,0,0,0,0,0,0,0,0,0,0,0,0,0,0,0,0,53,200,288,286,466,0,32767,0,0,251161.312694515,243310.745281113,39.9995003047407,168.731207675901,221.940998436348,49.2945675609614,716.38642518712,2480.15423128346,2717.87939841899,267.381645036611,2.30157931770881,49.5744061267015,112.255684961078,153.37550164006,84.0051733328768,339.493010132494,399.098353482195,45.3232782720507,0,0
91,234493,226911,0,0,0,0,0,0,0,0,0,0,0,0,0,0,0,0,0,0,0,0,0,0,0,0,0,0,0,0,0,0,50,205,270,279,452,0,31023,0,0,218842.522133307,211570.154385075,40.4980512405838,137.703533425845,173.675976901746,49.174791315945,655.616312325726,2292.59670658045,2496.9546539221,244.610317335948,4.02522093538306,51.1485327167687,107.499402014067,148.542471254756,102.942038072863,337.079837207245,386.597885524741,42.3831240350418,0,0
92,203018,196044,0,0,0,0,0,0,0,0,0,0,0,0,0,0,0,0,0,0,0,0,0,0,0,0,0,0,0,0,0,0,35,179,261,261,410,0,29032,0,0,188288.274096225,181581.225895994,34.0610090337635,146.30306719178,185.513420559936,41.8132898605062,594.844857616645,2066.02402934165,2247.56366101898,227.593391052134,6.33538835278726,40.9392236472517,100.236868970536,142.349278180799,99.6909941730915,359.094031307745,378.618036685517,37.6417791867911,0,0
93,173576,167186,0,0,0,0,0,0,0,0,0,0,0,0,0,0,0,0,0,0,0,0,0,0,0,0,0,0,0,0,0,0,40,160,251,212,382,0,26804,0,0,159990.755714939,153921.46058452,26.203452956347,112.226235108892,165.875406024174,44.2743609708655,543.776184327579,1862.38974343924,2032.838652739,196.081738670979,3.56941330597775,37.325149125345,98.0700918978653,131.989817160412,86.359528213027,347.676903095019,350.175280401304,45.8981076418564,0,0
94,146390,140610,0,0,0,0,0,0,0,0,0,0,0,0,0,0,0,0,0,0,0,0,0,0,0,0,0,0,0,0,0,0,39,147,190,193,340,0,24456,0,0,133992.166600414,128534.485650475,33.6956125376784,106.73919920299,135.48860014002,39.8244934095634,463.534773991245,1611.98463638106,1792.07441864213,163.095948486956,3.22712247163636,35.3620277528455,82.8431181753851,120.727249500933,106.012532708654,359.477993732876,366.221742659316,46.5814225311546,0,0
95,121594,116501,0,0,0,0,0,0,0,0,0,0,0,0,0,0,0,0,0,0,0,0,0,0,0,0,0,0,0,0,0,0,29,126,190,164,283,0,21777,0,0,110546.321922523,105783.834547356,28.2974939245099,93.9114545175181,113.617748483158,37.3475045200911,408.690859491408,1403.47444953346,1545.27042187876,143.8976026926,2.28675446061543,30.7903429754259,64.2611137070442,93.9834083711057,89.4645308584263,309.966994414301,360.330922718354,35.2865602635173,0,0
96,99534,95092,0,0,0,0,0,0,0,0,0,0,0,0,0,0,0,0,0,0,0,0,0,0,0,0,0,0,0,0,0,0,27,117,135,127,255,0,19364,0,0,89752.1154282332,85648.4550791067,24.8466364328627,77.0333308031792,85.4351453431517,22.8775019275921,361.163523324834,1170.40542918506,1284.38776274413,123.55189257066,2.68776413240927,24.9154169589288,74.4304087552922,77.8189327195106,77.955345585047,324.772923209938,344.58312209899,37.8669940291321,0,0
97,79915,76191,0,0,0,0,0,0,0,0,0,0,0,0,0,0,0,0,0,0,0,0,0,0,0,0,0,0,0,0,0,0,17,79,123,111,203,0,16810,0,0,71371.8417341737,67950.0281608536,11.3478424631041,66.355043419928,74.1792263343024,14.8879936939677,301.735039515253,991.954387040736,1065.68006380813,97.9329311195371,2.10230558711527,15.7989635277611,58.6410970592189,63.0364266611969,87.333208883214,260.804123429095,276.156420537833,35.6807911699507,0,0
98,62902,59782,0,0,0,0,0,0,0,0,0,0,0,0,0,0,0,0,0,0,0,0,0,0,0,0,0,0,0,0,0,0,21,64,104,90,175,0,13938,0,0,55821.9496578237,52974.3557655686,8.22312276588143,27.2693383106166,44.9335644997507,13.1827843052012,239.728498142222,816.41283933507,846.401916213104,71.880808056992,1.23479835006243,9.99469359575043,45.5164873305701,59.6215302095579,74.5441958656561,236.246239331635,278.038855872514,31.8121250963741,0,0
99,48789,46245,0,0,0,0,0,0,0,0,0,0,0,0,0,0,0,0,0,0,0,0,0,0,0,0,0,0,0,0,0,0,16,58,97,65,128,0,11563,0,0,42949.1930842466,40646.3521075825,5.40310042480601,24.3763658069579,24.988089078406,7.68677396260864,0,0,0,0,0.840761708934934,6.20789508494762,24.1284103320395,31.6895927016373,264.691162219324,885.07281940293,933.900886747498,92.4369878443461,0,0
100,37098,35059,0,0,0,0,0,0,0,0,0,0,0,0,0,0,0,0,0,0,0,0,0,0,0,0,0,0,0,0,0,0,0,0,0,0,0,0,37098,0,0,0,0,0,0,0,0,0,0,0,0,0,0,0,0,7.71115402862644,21.9703287774906,35.7032552581106,13.8653492799047,0,0
