date,2026-03-16_14:56
model,SimCRC v0.13.0
risk_scenario,BASE
population,TOTAL
adherence,PERFECT
stooltest_type,NA
stooltest_startage,NA
stooltest_stopage,NA
stooltest_interval,NA
structuralexam_type,NA
structuralexam_startage,NA
structuralexam_stopage,NA
structuralexam_interval,NA

age,n_alive,n_alive_nocrc,n_pos_fit,n_pos_sensa,n_pos_sdna,n_pos_sig,n_pos_ctc,n_pos_scrcol,n_neg_fit,n_neg_sensa,n_neg_sdna,n_neg_sig,n_neg_ctc,n_neg_scrcol,n_pos_fucol,n_neg_fucol,n_pos_survcol,n_neg_survcol,n_adn1to5_scr,n_adn6to9_scr,n_adn10plus_scr,n_CRCstageI_scr,n_CRCstageII_scr,n_CRCstageIII_scr,n_CRCstageIV_scr,n_adn1to5_surv,n_adn6to9_surv,n_adn10plus_surv,n_CRCstageI_surv,n_CRCstageII_surv,n_CRCstageIII_surv,n_CRCstageIV_surv,n_CRCstageI_sym,n_CRCstageII_sym,n_CRCstageIII_sym,n_CRCstageIV_sym,n_CRC_dth,n_compl_dth,n_oc_dth,n_ovrdg_crc,n_ovrdg_adn,ly,ly_nocrc,ly_crcI_initial,ly_crcII_initial,ly_crcIII_initial,ly_crcIV_initial,ly_crcI_contin,ly_crcII_contin,ly_crcIII_contin,ly_crcIV_contin,ly_crcI_termcrc,ly_crcII_termcrc,ly_crcIII_termcrc,ly_crcIV_termcrc,ly_crcI_termoc,ly_crcII_termoc,ly_crcIII_termoc,ly_crcIV_termoc,n_3ormorenonlargeadn_scr,n_3ormorenonlargeadn_surv
40,985550,985550,0,0,0,0,0,0,0,0,0,0,0,0,0,0,0,0,0,0,0,0,0,0,0,0,0,0,0,0,0,0,12,29,55,59,10,0,1646,0,0,984747.98444888,984675.967767679,6.30624012735022,16.0949575473563,21.3178722932709,11.2136214986292,0,0,0,0,0,0,0.850294951593078,8.04537241629764,0,0,0,0,0,0
41,983894,983749,0,0,0,0,0,0,0,0,0,0,0,0,0,0,0,0,0,0,0,0,0,0,0,0,0,0,0,0,0,0,15,36,43,42,41,0,1768,0,0,983000.444466254,982804.416926857,15.2709666133115,30.1922953684559,44.9934417468511,19.059471052754,6.30624012735022,16.0949575473563,20.8507310042398,6.65610825790443,0,0.624666716289049,7.69981227313138,27.5772483561653,0,0,0.765129677252844,0.609895495697856,0,0
42,982085,981845,0,0,0,0,0,0,0,0,0,0,0,0,0,0,0,0,0,0,0,0,0,0,0,0,0,0,0,0,0,0,21,35,64,59,62,0,1828,0,0,981148.023301422,980853.505497116,13.5909216037461,33.362550836157,46.1588410221884,21.7312350287145,21.5772067406617,44.1465326021645,57.7479493506243,12.9654239325119,0,1.57189021117707,9.15692800945801,30.1483446580616,0,0,1.17922841059044,0.390104504302144,0,0
43,980195,979840,0,0,0,0,0,0,0,0,0,0,0,0,0,0,0,0,0,0,0,0,0,0,0,0,0,0,0,0,0,0,13,48,75,64,57,0,2017,0,0,979135.241096312,978710.945436504,18.4470115683617,43.4703632842451,60.5344320172875,23.0989570869708,35.1681283444078,77.5090834383214,97.4597863476108,25.3984690737848,0,1.6037543761522,11.4433578265354,29.4636023739957,0,0,0.055641912156716,0,0,0
44,978121,977624,0,0,0,0,0,0,0,0,0,0,0,0,0,0,0,0,0,0,0,0,0,0,0,0,0,0,0,0,0,0,23,52,67,77,63,0,2088,0,0,977055.688778051,976480.772803456,18.4184031389825,43.758700916995,65.535639303628,32.4256518216852,53.6151399127695,117.731984832867,147.396121888873,33.1453170562431,0,2.84077737266058,14.2865620206276,38.7453449112779,0.752671237802133,1.0513414638117,0,0,0,0
45,975970,975317,0,0,0,0,0,0,0,0,0,0,0,0,0,0,0,0,0,0,0,0,0,0,0,0,0,0,0,0,0,0,18,57,74,81,92,0,2169,0,0,974818.967218479,974098.78393375,21.3225993008611,55.0243751544735,63.6291066092902,36.8835351001309,71.5778905184616,156.084716015303,195.515505032108,52.5612067709526,0,5.44165245480715,20.7622829330362,44.6309312228919,0.247328762197867,1.16408905130811,0.186465409584343,0,0,0
46,973709,972921,0,0,0,0,0,0,0,0,0,0,0,0,0,0,0,0,0,0,0,0,0,0,0,0,0,0,0,0,0,0,13,57,110,87,99,0,2381,0,0,972460.882978322,971586.610584953,15.3321551733336,54.3902889416382,84.5449135747856,34.1544584636013,92.558576572773,204.481584176629,244.15964386174,66.1197079166217,0,5.60271912689904,17.9878463928972,48.9632483150731,0.341913246549666,1.01988510927185,0.813534590415657,0.707374367397279,0,0
47,971229,970275,0,0,0,0,0,0,0,0,0,0,0,0,0,0,0,0,0,0,0,0,0,0,0,0,0,0,0,0,0,0,20,64,90,85,104,0,2545,0,0,969912.693016884,968884.559674872,15.2190138544851,55.0203665909399,84.1022054561045,38.7368095818184,106.184215016904,250.94983472805,315.28786915953,71.4052978449238,0,7.90126317826675,22.584211529315,59.0419298761295,1.70651672920212,0.895054723136127,0.759529934963211,0.292625632602721,0,0
48,968580,967474,0,0,0,0,0,0,0,0,0,0,0,0,0,0,0,0,0,0,0,0,0,0,0,0,0,0,0,0,0,0,16,70,98,111,129,0,2710,0,0,967177.146871711,965991.258514275,17.4711067600693,66.9914242780795,80.3852723243666,42.6534937555917,120.451658847141,299.287213719018,367.941029380543,77.6800594496921,0,7.65909318085485,35.3976724832152,63.4592707104002,1.67429921240546,0.93213534890674,0.882613185560331,0,0,0
49,965741,964473,0,0,0,0,0,0,0,0,0,0,0,0,0,0,0,0,0,0,0,0,0,0,0,0,0,0,0,0,0,0,33,72,116,113,144,0,2862,0,0,964253.30467563,962890.155221744,23.0049687912456,72.0549714834997,101.472098662882,41.5473715482659,135.772483353217,357.402934660837,419.116804082177,90.6259846197331,1.3569130433529,9.04911845368843,34.2665751437618,71.2796033149554,0.277270811842754,0.937494303565472,0.357856879476458,0.556694890139404,0,0
50,962735,961281,0,0,0,0,0,0,0,0,0,0,0,0,0,0,0,0,0,0,0,0,0,0,0,0,0,0,0,0,0,0,20,81,100,109,147,0,3020,0,0,961180.277396642,959635.258271016,29.6976952536885,74.7209164462387,99.9302138990353,49.8181728341799,154.905156086419,421.894544534781,491.877287182079,98.3089532269848,3.4588709610199,8.85782392879874,38.2040350553184,73.506245852282,0,0.0999029041267931,0.265441631199792,0,0,0
51,959568,957951,0,0,0,0,0,0,0,0,0,0,0,0,0,0,0,0,0,0,0,0,0,0,0,0,0,0,0,0,0,0,25,65,127,108,157,0,3440,0,0,957752.500065708,956054.911046125,19.7723574932403,64.488239242781,105.430181255423,48.6041190678019,183.832060441504,486.958724137198,559.22957330074,112.885446207355,0.77079089860301,12.7485771931611,33.5164357410385,68.1996775822225,0,1.32549908012152,1.70657747754991,0,0,0
52,955971,954190,0,0,0,0,0,0,0,0,0,0,0,0,0,0,0,0,0,0,0,0,0,0,0,0,0,0,0,0,0,0,28,94,134,125,142,0,3658,0,0,954071.95565334,952168.032827683,29.793923012075,72.6920669284376,117.754865084968,54.8688852466066,202.237291984688,542.080072036398,637.032009814097,119.500737919994,0.793449262624023,10.1462911643266,37.1579533463735,71.6171621132905,0.573676687432453,2.79430752759703,1.87093489570543,1.68907353513455,0,0
53,952171,950154,0,0,0,0,0,0,0,0,0,0,0,0,0,0,0,0,0,0,0,0,0,0,0,0,0,0,0,0,0,0,34,94,136,120,154,0,3742,0,0,950234.440837524,948100.15017012,28.8510096923793,93.0415470134081,121.916238903819,54.5480001068078,231.064460481575,603.36636863375,718.73395490805,138.106708269591,0.206550737375977,11.5946116938718,44.6973604880006,80.5125933210328,0.760203777812421,1.70995993283577,3.64962348109111,1.48088884982866,0,0
54,948275,946039,0,0,0,0,0,0,0,0,0,0,0,0,0,0,0,0,0,0,0,0,0,0,0,0,0,0,0,0,0,0,34,103,133,153,196,0,4215,0,0,946030.457986574,943691.193657756,34.8379440706549,94.49612940144,110.330136948207,52.2269117905657,259.15018328912,680.08093041782,799.855219017325,149.46550999696,0.0991673500788082,17.404903498675,44.8703268183598,86.7903020999713,0.666119534755126,2.76180009986274,2.34656565682963,0.751470205374062,0,0
55,943864,941407,0,0,0,0,0,0,0,0,0,0,0,0,0,0,0,0,0,0,0,0,0,0,0,0,0,0,0,0,0,0,37,98,176,148,203,0,4604,0,0,941460.544875756,938873.764392697,35.5623147885254,99.562666461785,142.864346961933,55.8168091769621,291.771701668988,754.462438270664,873.557404670923,160.806423989583,2.61077894106106,18.2595646484359,38.631707706168,100.342916370138,0,3.24103670427576,2.42893451428972,1.72988028653001,0,0
56,939057,936352,0,0,0,0,0,0,0,0,0,0,0,0,0,0,0,0,0,0,0,0,0,0,0,0,0,0,0,0,0,0,44,110,178,146,213,0,4862,0,0,936528.905857754,933702.120945823,35.9601098931258,92.6441000261151,162.069770717898,69.1201896147528,324.869787624271,831.509857683549,966.471192530445,172.073531898869,0.68440695913457,19.2623107766661,56.7534980755374,90.044192587179,1.77982187410817,3.9971631958615,6.18820979146957,0.470376404700801,0,0
57,933982,931024,0,0,0,0,0,0,0,0,0,0,0,0,0,0,0,0,0,0,0,0,0,0,0,0,0,0,0,0,0,0,37,99,174,141,213,0,5306,0,0,931249.485037853,928162.749140181,44.1149756178662,107.266152655781,158.542652038299,62.0146699542159,360.203710132176,906.879744021887,1085.83722205753,185.36457135122,0.405796049556635,20.9410061136637,47.01161854198,91.9689602561966,0.220391335664317,0.318857296835631,6.81537640532258,0.577418158296496,0,0
58,928463,925278,0,0,0,0,0,0,0,0,0,0,0,0,0,0,0,0,0,0,0,0,0,0,0,0,0,0,0,0,0,0,41,112,192,184,200,0,5706,0,0,925525.137779936,922178.68126047,42.5947495014039,94.5742749548818,151.303025535445,65.8024429584028,399.259668187215,999.97546144272,1197.11537508343,205.482956047269,2.61464913404365,16.1459289229824,51.1637185717901,101.119708579938,2.44436842878349,3.3910022605772,7.26068598726634,1.59509453881939,0,0
59,922557,919057,0,0,0,0,0,0,0,0,0,0,0,0,0,0,0,0,0,0,0,0,0,0,0,0,0,0,0,0,0,0,40,129,196,170,246,0,6141,0,0,919356.571456505,915711.485318426,35.6433928450015,116.848112985593,180.419492997545,71.0442185638566,437.079702391952,1075.82785411454,1291.3525024339,222.984582825341,3.09171005429094,18.1880130749064,69.5973445493913,109.646524667128,1.68300524237566,5.09393613940389,7.1966037505772,1.37318886597524,0,0
60,916170,912397,0,0,0,0,0,0,0,0,0,0,0,0,0,0,0,0,0,0,0,0,0,0,0,0,0,0,0,0,0,0,38,112,198,189,274,0,6669,0,0,912693.94466561,908803.918194111,35.7779276575662,114.126632462849,170.460899335984,58.3393669249561,466.163146609133,1169.76278449558,1409.60834432706,232.038479960434,2.4703860427093,20.6097098834441,67.1400353890385,116.245793027403,4.46142739150673,5.25321111781523,8.45832230593078,1.47768040696736,0,0
61,909227,905208,0,0,0,0,0,0,0,0,0,0,0,0,0,0,0,0,0,0,0,0,0,0,0,0,0,0,0,0,0,0,54,118,213,195,275,0,7171,0,0,905530.055530917,901383.639654254,45.3698423348669,112.410853134639,183.708280546202,67.2089582218637,496.739146129346,1251.91910728955,1519.61069712692,239.700612977913,1.79094240979171,21.4842958723297,65.4076031934006,121.260287173502,3.41098572756164,11.4367100479027,10.794983657475,0.648262159898877,0,0
62,901781,897480,0,0,0,0,0,0,0,0,0,0,0,0,0,0,0,0,0,0,0,0,0,0,0,0,0,0,0,0,0,0,48,128,240,240,304,0,7600,0,0,897856.932352796,893398.453229945,51.1869216552435,116.73930405639,197.940818032668,75.2144479096118,539.378255886784,1336.32246986446,1632.10886571608,253.412697566008,1.77066244375333,20.6043040412726,78.628303910113,126.139515181308,2.25203859397584,8.78733920467103,10.7091117652937,1.89246120624457,0,0
63,893877,889256,0,0,0,0,0,0,0,0,0,0,0,0,0,0,0,0,0,0,0,0,0,0,0,0,0,0,0,0,0,0,43,156,222,238,313,0,8243,0,0,889598.149090041,884834.571161112,44.5359059814124,132.580613408084,190.693996401368,88.6133179388815,584.278321018667,1418.09100144991,1760.2288519939,268.093510987783,1.27427543966988,21.5816409854717,77.1655186935684,134.947242031781,4.70418897131458,16.5937015296012,13.8812326389984,5.11744261403064,0,0
64,885321,880388,0,0,0,0,0,0,0,0,0,0,0,0,0,0,0,0,0,0,0,0,0,0,0,0,0,0,0,0,0,0,54,154,257,226,310,0,9259,0,0,880500.971922705,875392.493766169,50.029514052087,154.534343752617,205.68211585297,106.057379509831,623.232514659065,1517.5063796157,1885.57830396937,290.596808487404,1.64871471336475,18.9819950960603,69.8729958422818,149.441657169629,4.01831962517463,16.2092093946412,13.9468208297429,2.64729221830892,0,0
65,875752,870479,0,0,0,0,0,0,0,0,0,0,0,0,0,0,0,0,0,0,0,0,0,0,0,0,0,0,0,0,0,0,56,185,256,229,321,0,9788,0,0,870730.467218909,865278.881422026,50.8271420295964,158.398014979995,224.168554544837,80.6650703329566,660.458315503277,1629.84246870126,2020.10040366054,318.255588890729,2.75781131496183,29.5904290990404,78.4128903857642,146.040413168716,12.2319614510066,16.4563149250155,18.7254491484188,2.59495681524277,0,0
66,865643,860018,0,0,0,0,0,0,0,0,0,0,0,0,0,0,0,0,0,0,0,0,0,0,0,0,0,0,0,0,0,0,53,182,274,251,351,0,10517,0,0,860218.75254475,854429.740627099,51.9937178942523,168.610603183825,230.818998346271,92.6067867806196,699.487733301475,1744.83975452627,2155.32547206372,324.247813885678,1.98022763208306,24.0700179605423,81.16486530151,153.669810678914,10.0310190157034,23.5870179539585,24.4474332318664,4.52637782525841,0,0
67,854775,848793,0,0,0,0,0,0,0,0,0,0,0,0,0,0,0,0,0,0,0,0,0,0,0,0,0,0,0,0,0,0,53,172,279,277,363,0,11443,0,0,848905.959412197,842768.255476975,52.9876645665832,170.830825991323,222.441548446774,93.2261887401831,739.178578958378,1867.01648724043,2267.41705206052,343.64055167343,1.757732804227,26.0269864755494,109.979177323786,145.712511859669,11.3486698005685,28.2211900705251,35.8166886991823,7.69671817955472,0,0
68,842969,836656,0,0,0,0,0,0,0,0,0,0,0,0,0,0,0,0,0,0,0,0,0,0,0,0,0,0,0,0,0,0,55,190,272,269,410,0,12362,0,0,836562.086891485,830111.059556376,52.3461869990617,165.461420685104,235.738741723317,94.6625624493943,775.236749849626,1986.37886785757,2371.97463994522,366.898583239316,2.81768264901781,30.9586986580768,105.620726547785,173.399537146429,15.2570332946997,27.8763825550903,38.3940608587084,3.6812111715862,0,0
69,830197,823591,0,0,0,0,0,0,0,0,0,0,0,0,0,0,0,0,0,0,0,0,0,0,0,0,0,0,0,0,0,0,71,196,309,299,392,0,13599,0,0,823178.601908267,816392.86819579,57.1364218216198,177.299887991253,252.929549120766,104.884284271156,817.898771866013,2094.90538022761,2506.43860804578,384.142787115494,2.95749055865524,37.9173960576144,98.5023194985527,174.714057237532,7.49170085033801,31.1867720231213,35.0749080624798,6.39665579908615,0,0
70,816206,809210,0,0,0,0,0,0,0,0,0,0,0,0,0,0,0,0,0,0,0,0,0,0,0,0,0,0,0,0,0,0,80,193,334,291,466,0,14473,0,0,808692.229091912,801533.340838952,71.3037903008436,175.281673954001,270.785173077284,91.1216184700619,866.127371772372,2194.83867370814,2649.11177660452,406.738242753555,1.19059538624521,47.6407843789394,105.562201348736,177.935495326305,9.87057502881568,36.7664298945594,38.5385497699889,9.90532431790488,0,0
71,801267,793930,0,0,0,0,0,0,0,0,0,0,0,0,0,0,0,0,0,0,0,0,0,0,0,0,0,0,0,0,0,0,76,203,325,314,468,0,15660,0,0,793194.219807674,785683.319150257,81.2894680935891,182.8415721764,270.733736261381,92.4280123348372,920.906837270972,2291.13547522061,2802.33084056296,402.259943639945,4.07878511380017,38.9942674787129,112.158334951477,195.53351233743,14.5021677440964,51.639065242815,38.4548761051455,10.5596340560706,0,0
72,785139,777452,0,0,0,0,0,0,0,0,0,0,0,0,0,0,0,0,0,0,0,0,0,0,0,0,0,0,0,0,0,0,78,206,344,293,455,0,16591,0,0,776631.280760001,768795.970250449,76.4269796777685,182.577540286144,257.026334961089,104.280140876632,977.76462558113,2398.98677188147,2945.69407679806,404.634079564899,3.68362912056998,38.5195952647665,111.495733274083,190.87917276813,23.0950037931916,46.6724424478322,57.6581245493038,10.2461294868516,0,0
73,768093,760093,0,0,0,0,0,0,0,0,0,0,0,0,0,0,0,0,0,0,0,0,0,0,0,0,0,0,0,0,0,0,73,231,376,328,496,0,18199,0,0,758760.604838166,750577.087924049,70.4620537823555,198.431807740969,314.976889258187,88.3320926476026,1031.9071462591,2506.78434084216,3047.72138090176,429.345137799138,4.10106973628196,40.0214995440435,122.901819614033,183.317294755905,20.359657824786,47.4438174554269,67.9983443799514,6.74491523369893,0,0
74,749398,741031,0,0,0,0,0,0,0,0,0,0,0,0,0,0,0,0,0,0,0,0,0,0,0,0,0,0,0,0,0,0,62,232,369,350,507,0,19251,0,0,739508.538890483,730944.844168865,63.5467784062705,213.319166450633,298.644286674048,94.9693014850862,1073.04499621544,2620.20035648978,3203.78650539523,438.09553430124,5.39416009473764,39.9019726582669,110.322790482331,213.502741771934,24.2928453604691,58.9346173438164,87.7288097680544,11.6122618762676,0,0
75,729640,720930,0,0,0,0,0,0,0,0,0,0,0,0,0,0,0,0,0,0,0,0,0,0,0,0,0,0,0,0,0,0,91,249,368,350,518,0,20770,0,0,719008.888977912,710147.706439882,67.347252914531,212.326671838517,284.417473254045,100.924070221953,1107.2454238183,2739.23735589525,3327.42059951116,442.930752885298,5.04857038427775,40.7179400504441,128.512075114652,210.075011030846,26.9528827207898,65.3496306886193,91.1657893669207,16.7185773671894,0,0
76,708352,699312,0,0,0,0,0,0,0,0,0,0,0,0,0,0,0,0,0,0,0,0,0,0,0,0,0,0,0,0,0,0,75,259,354,370,541,0,21945,0,0,697150.192288529,687957.150541391,78.4825127149943,232.280845558366,294.540185869251,102.932996700173,1142.89054913358,2846.52175555027,3404.01144660208,454.362270563373,2.63835266380447,31.6174513083934,140.037047141819,203.945705712027,31.344140711939,85.922969148784,113.699316710474,18.7616110587108,0,0
77,685866,676551,0,0,0,0,0,0,0,0,0,0,0,0,0,0,0,0,0,0,0,0,0,0,0,0,0,0,0,0,0,0,69,242,377,378,549,0,23520,0,0,673778.423306131,664349.693346521,65.4871492037473,220.295056747449,266.566278874981,97.2538614467997,1178.42647738524,2948.39367996506,3479.31099872897,466.771810437786,4.36406073574423,52.4077752381459,146.123350775215,223.181174811269,42.3033445158508,97.795465655964,120.093799019477,18.545803165571,0,0
78,661797,652263,0,0,0,0,0,0,0,0,0,0,0,0,0,0,0,0,0,0,0,0,0,0,0,0,0,0,0,0,0,0,83,258,411,349,542,0,24891,0,0,649059.945521851,639417.585411374,67.0948481724185,211.807391523948,314.145894984313,113.404705248988,1201.88787486525,3028.45373494011,3540.13124066216,477.611920953905,4.73360629004024,47.6498754806274,132.817764710101,204.876935346137,41.1437564556327,107.72515931015,121.156589022734,17.0763794505899,0,0
79,636364,626566,0,0,0,0,0,0,0,0,0,0,0,0,0,0,0,0,0,0,0,0,0,0,0,0,0,0,0,0,0,0,70,262,354,346,564,0,26288,0,0,622905.397492775,613025.074947194,74.2559636637324,223.44465660497,313.339359489667,106.311324949075,1214.54266016584,3091.62422895248,3626.00900062625,483.503782256215,7.64409029472577,47.5580155865284,143.1748922668,221.094834492486,52.2173238435318,123.504419980233,140.790741061837,28.4439774508297,0,0
80,609512,599563,0,0,0,0,0,0,0,0,0,0,0,0,0,0,0,0,0,0,0,0,0,0,0,0,0,0,0,0,0,0,78,268,385,378,579,0,27824,0,0,595354.081453938,585330.007071911,62.5620311679295,255.087595504544,269.980607261839,88.6195689051078,1219.07628062239,3140.23135297251,3695.12309932764,477.201549312597,8.49989586845331,43.9483736316712,119.341377058264,215.37406829241,62.1708920383975,147.016729923435,167.421633516553,29.2925973429035,0,0
81,581109,571049,0,0,0,0,0,0,0,0,0,0,0,0,0,0,0,0,0,0,0,0,0,0,0,0,0,0,0,0,0,0,87,260,371,383,559,0,29118,0,0,566337.523081041,556237.169038097,70.8978123105274,214.206721753082,288.444203401828,88.5351660332996,1217.89384516929,3206.34375058868,3719.85577497624,475.026317828564,7.73198956460949,45.6136138623314,137.508643085,233.123407332776,65.1902793319021,160.407944352428,162.666117953238,24.0380203380549,0,0
82,551432,541271,0,0,0,0,0,0,0,0,0,0,0,0,0,0,0,0,0,0,0,0,0,0,0,0,0,0,0,0,0,0,105,270,393,391,617,0,30411,0,0,535936.488669502,525721.741339111,92.3935997310171,224.033684193499,278.926983051252,72.1041764354961,1215.14529924974,3228.55355838091,3705.43410409349,475.331688683966,9.3116681025285,42.4558044505868,127.591873675318,221.05210240783,68.311939108718,169.912423337212,230.270418353006,28.5763849554761,0,0
83,520404,510178,0,0,0,0,0,0,0,0,0,0,0,0,0,0,0,0,0,0,0,0,0,0,0,0,0,0,0,0,0,0,85,236,372,362,575,0,31893,0,0,504163.405599917,493954.820484624,77.8151996207542,211.948233119456,285.693291668015,75.2045478838287,1228.75811333188,3220.88270109351,3688.94328049794,451.18832738675,5.43476300709929,51.426498011822,142.963488649891,232.593182623056,83.5254302745033,205.724124740927,228.228086709493,36.113013047009,0,0
84,487936,477802,0,0,0,0,0,0,0,0,0,0,0,0,0,0,0,0,0,0,0,0,0,0,0,0,0,0,0,0,0,0,89,247,360,364,575,0,32610,0,0,471316.263117611,461225.147837143,75.0981170931885,216.008237185005,273.12643085102,73.5004438305177,1225.20573315873,3180.45517103304,3643.5553140946,427.943076846268,7.53194335457516,50.1904505831047,128.5048456262,215.219951050235,79.5548103361024,217.167833217246,244.297841143187,40.9890379769052,0,0
85,454751,444721,0,0,0,0,0,0,0,0,0,0,0,0,0,0,0,0,0,0,0,0,0,0,0,0,0,0,0,0,0,0,91,256,418,330,564,0,33653,0,0,437571.136313283,427600.26764022,81.1289216868959,196.88931523178,280.459298331305,67.2037774127637,1205.27873472999,3101.2726554208,3560.40344182634,411.223185240419,9.44559404313981,54.9037359013478,145.002773908816,191.898970001338,95.9977898703524,258.384019210026,272.022568749833,41.2516426475071,0,0
86,420534,410635,0,0,0,0,0,0,0,0,0,0,0,0,0,0,0,0,0,0,0,0,0,0,0,0,0,0,0,0,0,0,74,269,332,323,527,0,34037,0,0,403234.326241129,393467.469717454,66.0874273605701,229.833112471846,275.060490542088,67.2924809340344,1188.63320740778,2978.76600571141,3461.54298831756,387.148282388155,5.56302760012528,52.4899586022597,141.80725032436,178.95758998177,95.7281540016224,289.186672596728,299.495372320033,44.3296226712969,0,0
87,385970,376346,0,0,0,0,0,0,0,0,0,0,0,0,0,0,0,0,0,0,0,0,0,0,0,0,0,0,0,0,0,0,59,230,364,300,548,0,34202,0,0,368532.035176099,359075.939495731,63.8553689303485,198.397411529026,242.803645592798,68.1925531811708,1146.54458691251,2910.89931089161,3327.17304114451,351.342934587091,6.90200099635689,51.8003671193412,133.520562733394,187.317267979307,102.643193706792,282.587643829456,341.298762998254,52.2218934419272,0,0
88,351220,341980,0,0,0,0,0,0,0,0,0,0,0,0,0,0,0,0,0,0,0,0,0,0,0,0,0,0,0,0,0,0,63,222,306,319,455,0,34556,0,0,333726.124602081,324686.802764315,55.4743186668775,172.336728710705,229.8004447572,69.0597068086039,1092.59055905061,2795.19839913679,3189.81076972807,324.622743259727,4.76244285660552,40.3587333226726,125.3152799943,159.204400148021,115.347152284316,292.453825788214,307.217489549961,56.8631744474309,0,0
89,316209,307348,0,0,0,0,0,0,0,0,0,0,0,0,0,0,0,0,0,0,0,0,0,0,0,0,0,0,0,0,0,0,64,205,306,286,486,0,34272,0,0,298830.61690914,290198.800990392,50.1133105929729,170.176930192057,209.610551162262,65.7659225447886,1041.54194157256,2616.0364505993,2971.26629085918,302.812689785311,3.22591850353241,45.9983868442102,125.111095167144,172.93957372008,109.14417310586,335.404514851474,367.304551917875,47.6702706501273,0,0
90,281451,273073,0,0,0,0,0,0,0,0,0,0,0,0,0,0,0,0,0,0,0,0,0,0,0,0,0,0,0,0,0,0,62,209,304,285,455,0,33427,0,0,264463.359732605,256355.010209781,48.0369379402315,157.688109887507,197.62780532928,57.1681605704132,955.065953865246,2424.12332859911,2745.51856526554,283.445111261348,6.39872064550894,39.0837144108888,115.210353621287,149.846717168242,136.849879477046,344.542245665258,391.515240269174,43.7019053357734,0,0
91,247569,239775,0,0,0,0,0,0,0,0,0,0,0,0,0,0,0,0,0,0,0,0,0,0,0,0,0,0,0,0,0,0,63,172,283,249,415,0,32078,0,0,231319.68790941,223823.494886055,53.0539154337468,133.113083059544,194.785794744352,47.8348913147414,875.929746411727,2241.22790461291,2527.13343479416,259.066731744979,3.33632781502548,40.0287637768005,97.8360379691635,146.437045789681,135.591899372347,333.042374220587,376.120310341302,45.312197345744,0,0
92,215076,207879,0,0,0,0,0,0,0,0,0,0,0,0,0,0,0,0,0,0,0,0,0,0,0,0,0,0,0,0,0,0,47,168,233,235,404,0,30789,0,0,199432.542549153,192545.965870392,40.1780512565608,125.781671975047,159.861081670852,41.9867823449133,798.744014038308,2028.33719671815,2276.64144390419,226.737507037505,7.96715542486609,46.1150792477175,99.1515493946293,141.570641721301,126.45956953864,328.370408828488,396.050735019937,47.4909602069364,0,0
93,183883,177328,0,0,0,0,0,0,0,0,0,0,0,0,0,0,0,0,0,0,0,0,0,0,0,0,0,0,0,0,0,0,36,138,195,211,355,0,29123,0,0,169174.467436659,163002.616229137,32.1118397760152,111.095570350814,134.011936614885,42.9269880723543,716.363030720131,1799.9588251888,1984.08067079078,193.532584114547,4.03511557775002,35.8188517657186,79.5094476835692,127.91798913985,124.978568326524,339.056622469928,419.580400317886,47.3488747895827,0,0
94,154405,148593,0,0,0,0,0,0,0,0,0,0,0,0,0,0,0,0,0,0,0,0,0,0,0,0,0,0,0,0,0,0,45,124,222,182,316,0,26446,0,0,141053.557641746,135606.187754565,27.9449701623398,105.323814765712,123.726728136213,39.0110692035005,624.788984082849,1566.94893348409,1686.50738981483,162.597338714884,2.18265335209337,29.0103880856692,82.8700159090352,110.412075735295,127.534122853565,332.001362439398,381.639025760214,39.2349360809674,0,0
95,127643,122562,0,0,0,0,0,0,0,0,0,0,0,0,0,0,0,0,0,0,0,0,0,0,0,0,0,0,0,0,0,0,38,116,191,152,277,0,24179,0,0,115290.790488987,110543.213307157,25.3858110850325,75.8317819261465,129.693392192193,29.7126728229731,538.244857787697,1362.94709430231,1433.43934800484,135.945761880441,2.09394309526155,24.8293045812971,77.0355123762978,93.6760757260698,117.606819556773,303.575293688965,361.172538816459,43.6818597108563,0,0
96,103187,98783,0,0,0,0,0,0,0,0,0,0,0,0,0,0,0,0,0,0,0,0,0,0,0,0,0,0,0,0,0,0,26,87,142,133,220,0,21080,0,0,92556.1522711445,88504.4379077972,21.1854096080963,65.9994822142089,106.322321333303,26.0774644601059,439.349391309764,1136.61944033239,1226.05750865739,112.544953019395,3.23097177568182,25.830948319293,46.3125436283985,75.1053937555894,129.572233503183,295.319309553106,319.090489727946,38.926859728683,0,0
97,81887,78163,0,0,0,0,0,0,0,0,0,0,0,0,0,0,0,0,0,0,0,0,0,0,0,0,0,0,0,0,0,0,30,73,100,77,175,0,18302,0,0,72632.8861588141,69250.0058333764,17.9680976218091,55.3172217210839,68.4853420280337,20.6380345942349,357.927082218774,907.459405383375,1000.94926953716,96.4679741485058,3.05805436176828,15.7534093915698,49.4241968529345,56.3017399580976,102.528051384337,292.605579479435,311.460696194351,28.7949733866564,0,0
98,63410,60380,0,0,0,0,0,0,0,0,0,0,0,0,0,0,0,0,0,0,0,0,0,0,0,0,0,0,0,0,0,0,24,77,93,81,139,0,15500,0,0,55551.7690377567,52820.5641728933,8.98802746864456,28.5400578168657,31.1619405290289,10.2365062325009,285.15297340078,718.59443831168,770.00788039875,78.3092619284683,2.53001317869932,18.5904171095479,42.8096340572966,43.0852041884414,95.7248416697488,241.521735347798,282.765951809504,25.03924899546,0,0
99,47771,45349,0,0,0,0,0,0,0,0,0,0,0,0,0,0,0,0,0,0,0,0,0,0,0,0,0,0,0,0,0,0,22,53,56,67,127,0,12604,0,0,41359.3466899482,39221.3731053597,9.07434432545162,20.7265881567925,22.5151908631341,3.60061034255705,0,0,0,0,0.302546179154888,6.43351729696988,20.9388753967269,33.2548324154438,310.056716260954,791.810046623615,836.492723756016,92.3809138264852,0,0
100,35040,33176,0,0,0,0,0,0,0,0,0,0,0,0,0,0,0,0,0,0,0,0,0,0,0,0,0,0,0,0,0,0,0,0,0,0,0,0,35040,0,0,0,0,0,0,0,0,0,0,0,0,0,0,0,0,7.83255127551705,18.9158021934775,21.4312230179722,18.3529285165293,0,0
